RSN,HPLVL,HPEXP,TOTLVL,TOTLVLADJ,VIRLVL,VIRLVLADJ,TOTEXP,TOTEXPADJ,CMBLVL,CMBLVLADJ,CMBEXPADJ,RSCORE,TIME
0 IQ Iron,10,1243,2006,2006,2027,2027,343822879,343822790,27,27,117853537,,1790921317
0 pa 1,10,1224,1486,1486,1501,1501,118078773,118078703,68,68,16549217,,1790921322
0k0ng0,10,1167,1905,1905,1905,1905,164604871,164604858,16,16,13097238,2195,1790921323
0pal-0racle,10,1155,1883,1883,1907,1907,401133819,401133818,15,15,14658593,2295,1790921325
0rigami1,12,1740,895,893,895,893,1322177,1321591,45,45,411685,1070,1790921326
1 Hit Me,10,1154,770,770,770,770,54406768,54406768,39,39,51034191,875,1790921327
10 Hp No Lie,10,1258,2718,2718,2788,2788,1129560344,1129560240,105,105,272835501,,1790921331
10 HP Tommy,10,1305,1793,1793,1793,1793,102302215,102302064,73,73,9847975,2565,1790921332
10 LP,10,1154,1763,1763,1763,1763,45947353,45947353,69,69,1628829,1845,1790921334
100000111111,10,1154,700,700,724,724,586314806,586314806,105,105,118191536,535,1790921335
1000HPMage,10,1154,409,409,409,409,14686905,14686905,67,67,13581474,,1790921338
10hp lover,10,1318,1207,1207,1207,1207,30421718,30421554,94,94,26739747,930,1790921340
10hp maybe,10,1278,1265,1265,1265,1265,23679379,23679255,75,75,2205533,,1790921345
10hp Purist,10,1179,1346,1346,1346,1346,7659453,7659428,69,69,1729101,,1790921350
10Hp Rose,10,1283,1187,1187,1187,1187,22552198,22552069,92,92,19480557,1050,1790921351
10Hp Seafood,10,1204,1907,1907,1918,1918,141082750,141082700,76,76,15464000,,1790921355
10HP SPITE,10,1170,1321,1321,1321,1321,9102938,9102922,40,40,236558,,1790921358
10hp to Prif,15,2745,2953,2948,2988,2983,1126676147,1126674556,122,121,128298836,,1790921364
10hpmage101,10,1167,2000,2000,2000,2000,194820475,194820462,68,68,15912167,3035,1790921366
11 hpp,11,1494,2546,2545,2600,2599,745038187,745037847,114,114,58134176,,1790921369
111111111131,10,1154,266,266,276,276,304675281,304675281,80,80,200001154,225,1790921371
1181k,10,1154,549,549,570,570,430508024,430508024,80,80,167924668,460,1790921372
11th Treda,11,1537,398,397,398,397,751442,751059,37,37,369922,,1790921376
1234m,10,1162,2418,2418,2556,2556,1723215888,1723215880,27,27,44001228,,1790921379
12th Treda,10,1352,383,383,383,383,1382340,1382142,31,31,728189,,1790921383
12une Alt,10,1154,255,255,262,262,226552780,226552780,27,27,26552780,165,1790921384
12une Arr0w,10,1195,632,632,632,632,90836084,90836043,59,59,26327136,475,1790921386
12une Plate,10,1154,830,830,832,832,123480880,123480880,27,27,13297202,,1790921390
13th Treda,10,1154,412,412,412,412,1443729,1443729,41,41,682404,,1790921393
1729,10,1184,325,325,325,325,4859137,4859107,22,22,1848517,,1790921396
1HitTank,10,1154,807,807,807,807,18482964,18482964,35,35,13380721,,1790921400
1hp Lost,9,1047,2974,2975,2976,2977,1090272627,1090272734,129,129,201927335,7265,1790921401
1m Dora,10,1283,980,980,985,985,125887177,125887048,113,113,53997589,835,1790921403
1OHpPureBtw,10,1163,1953,1953,1954,1954,226556360,226556351,86,86,26253666,,1790921408
1st S1N,10,1154,261,261,261,261,4166071,4166071,54,54,2032292,195,1790921409
200m hp Exp,10,1250,1642,1642,1642,1642,104282821,104282725,68,68,48393510,2025,1790921413
23 RS,10,1197,1108,1108,1108,1108,21396458,21396415,40,40,1753990,,1790921416
262XP,10,1191,1800,1800,1800,1800,229413112,229413075,14,14,4255825,1970,1790921417
2hOnMyPick,10,1196,1793,1793,1799,1799,203451054,203451012,35,35,15778790,1600,1790921419
2lG,10,1217,2287,2287,2465,2465,1913730699,1913730636,28,28,200001355,6990,1790921422
2OOm Prayer,10,1154,244,244,265,265,201436128,201436128,15,15,200001154,,1790921426
2x daily,10,1176,687,687,735,735,408314918,408314896,15,15,108731116,,1790921432
3CB,10,1197,2311,2311,2457,2457,2291539958,2291539915,15,15,104305234,5155,1790921433
3rd Sidisi,10,1154,1698,1698,1698,1698,121485158,121485158,13,13,2109802,2260,1790921435
50HT3MTR3T4,11,1454,259,258,259,258,6670641,6670341,62,61,6336358,,1790921439
51LV3R,10,1154,904,904,904,904,78147442,78147442,43,43,27186130,670,1790921440
5551,10,1154,385,385,395,395,517880912,517880912,80,80,317880912,375,1790921441
63 Old Bats,10,1154,823,823,832,832,158364754,158364754,84,84,52135144,,1790921445
8 Denjan 8,10,1297,302,302,302,302,1946930,1946787,40,40,1684794,,1790921448
8 Heated 632,15,2618,227,222,227,222,3587437,3585973,59,58,3546356,,1790921452
810k,10,1154,304,304,304,304,40193281,40193281,19,19,452044,200,1790921453
8summonsn0w,10,1355,1724,1724,1724,1724,110037945,110037744,14,14,3562217,,1790921456
8XL,10,1251,2513,2513,2516,2516,296623399,296623302,116,116,67002751,,1790921462
9 Hitpoints,10,1281,2952,2952,3188,3188,4120087474,4120087347,123,123,408784259,,1790921467
9 HP,9,1020,2312,2313,2498,2499,2455236187,2455236321,17,18,294333,,1790921473
9 Life Point,9,1000,2204,2205,2221,2222,455668838,455668992,95,95,20144114,,1790921476
9 LP,9,1000,2625,2626,2632,2633,522188947,522189101,110,110,55986070,5000,1790921478
90 Attk,10,1154,294,294,294,294,11492449,11492449,32,32,5367701,,1790921482
912k,10,1154,136,136,143,143,26686646,26686646,27,27,26686646,75,1790921483
999999999989,10,1154,528,528,570,570,396937914,396937914,40,40,213039323,,1790921487
9HitPts,9,1151,2677,2678,2680,2681,425548877,425548880,110,110,51383782,5310,1790921488
9HP Alec,9,1043,1821,1822,1834,1835,327141706,327141817,53,53,44405482,,1790921493
9HP BUK,9,1000,1695,1696,1695,1696,106877415,106877569,71,71,3328017,,1790921498
9HP Curtis,9,1000,2000,2001,2009,2010,392188467,392188621,66,67,13366819,2630,1790921499
9HP EVILDARK,9,1000,1564,1565,1564,1565,80222772,80222926,69,70,3752557,1160,1790921500
9HP Flexy,9,1057,1744,1745,1744,1745,54597206,54597303,65,65,2031943,1330,1790921504
9HP jchusid,9,1000,1668,1669,1668,1669,39910252,39910406,79,79,14135527,,1790921508
9HP Keit,9,1091,1710,1711,1710,1711,80186453,80186516,105,105,23946390,,1790921511
9HP Killer,9,1000,2015,2016,2043,2044,466110217,466110371,83,83,21044386,1810,1790921513
9HP Rekt,9,1015,1376,1377,1376,1377,42835754,42835893,58,58,2186011,,1790921517
9HP Saab,9,1000,2751,2752,2772,2773,583974590,583974744,110,110,53978500,2655,1790921519
9HP Skillin,9,1024,1737,1738,1737,1738,116918209,116918339,27,27,23471183,,1790921523
9HP Waikato,9,1044,1799,1800,1802,1803,311625017,311625127,56,56,1091411,,1790921527
9HP Xavier,9,1000,457,458,457,458,873937,874091,35,35,302810,,1790921533
9HPs,9,1000,2876,2877,2897,2898,752218599,752218753,116,116,111463926,6545,1790921535
9LP,9,1112,2512,2513,2524,2525,494687399,494687441,80,80,171376021,3470,1790921536
a 99 b4 next,10,1171,617,617,618,618,82466248,82466231,57,57,2983771,,1790921540
A gentFalcon,12,1599,1128,1126,1128,1126,147318514,147318069,46,45,6023946,,1790921543
A gentMacaw,10,1319,1075,1075,1075,1075,134978680,134978515,41,41,5850122,,1790921546
A gentOsprey,10,1333,1116,1116,1116,1116,149216344,149216165,42,42,6021147,,1790921549
A gentPigeon,10,1345,1102,1102,1102,1102,140418465,140418274,42,42,5967755,,1790921553
A Lv Too Low,11,1430,2144,2143,2179,2178,686529632,686529356,45,45,200930182,,1790921561
A Pure 101,10,1154,1506,1506,1506,1506,153318392,153318392,9,9,102718,,1790921566
A Pure 202,10,1154,1332,1332,1338,1338,88225940,88225940,12,12,742358,,1790921570
A6O,10,1154,140,140,140,140,1675104,1675104,28,28,1671061,,1790921573
Activeertje,10,1283,1518,1518,1518,1518,14064355,14064226,73,73,3452570,,1790921578
Actuality,10,1154,2111,2111,2128,2128,370025239,370025239,15,15,19294450,,1790921582
AFK Justin,10,1154,1905,1905,1914,1914,169840444,169840444,53,53,2291360,,1790921588
afk sir,10,1233,2911,2911,2970,2970,1127279400,1127279321,118,118,115578230,4930,1790921589
Ah Sacome Ne,10,1195,1755,1755,1755,1755,314963894,314963853,42,42,200001154,,1790921595
Ahhole,14,2278,1435,1431,1435,1431,52648737,52647613,55,54,1270090,,1790921598
AIchaholic,10,1154,1043,1043,1043,1043,72589462,72589462,71,71,57857141,,1790921601
akaDaily,10,1154,1176,1176,1197,1197,283798037,283798037,45,45,112064719,1080,1790921603
Al Fareed,10,1154,452,452,452,452,2883701,2883701,11,11,560811,920,1790921606
Alaynie v2,9,1127,794,795,794,795,1799635,1799662,32,32,191317,990,1790921608
Alch Pure,10,1154,128,128,128,128,6079958,6079958,61,61,6079942,,1790921616
Alch-mage,10,1154,1799,1799,1799,1799,249324842,249324842,80,80,104645283,,1790921619
Alchemy Coin,10,1156,157,157,157,157,188824077,188824075,80,80,188824075,205,1790921621
Alcheriana,11,1485,630,629,630,629,2271037,2270706,52,52,1672930,,1790921625
alchje,10,1154,2221,2221,2221,2221,348331016,348331016,124,124,257579452,1720,1790921627
Aleece,9,1000,1034,1035,1034,1035,3057913,3058067,56,56,1293810,,1790921630
Alexa X Sin,10,1154,1144,1144,1144,1144,41670830,41670830,63,63,7196889,820,1790921631
Aliaster,10,1154,3143,3143,3400,3400,5303134837,5303134837,129,129,1600001154,12290,1790921633
AlittleGlenn,10,1273,1869,1869,1874,1874,128323378,128323259,72,72,2032979,2865,1790921637
Aloekine,10,1214,2302,2302,2378,2378,1316174151,1316174091,15,15,104455959,6115,1790921641
AlrightInc,10,1300,2236,2236,2259,2259,475608127,475607981,40,40,93180949,3205,1790921644
AmberHerd,10,1193,1846,1846,1846,1846,91104479,91104440,65,65,6723504,,1790921648
Andi Grammar,9,1000,1230,1231,1230,1231,8903076,8903230,47,47,281747,,1790921654
Andreas Who,10,1154,1476,1476,1476,1476,69413294,69413294,31,31,13504319,,1790921657
andrew8766,10,1154,1097,1097,1101,1101,24846601,24846601,28,28,1715847,,1790921660
Andy 9hp,9,1137,2352,2353,2353,2354,204264225,204264242,112,112,44793907,,1790921664
Andy Grammer,9,1000,2247,2248,2247,2248,160787378,160787532,93,93,45002564,2930,1790921665
Angel Sarah,10,1157,500,500,500,500,4954955,4954952,57,57,2995007,455,1790921667
ANGELorDEMON,10,1154,204,204,204,204,4628823,4628823,14,14,4176570,,1790921670
Angels Own,10,1195,1637,1637,1645,1645,153838121,153838080,15,15,13557855,,1790921673
Angle Mortis,10,1167,624,624,624,624,9403658,9403645,24,24,2089160,495,1790921675
AngryFishs,10,1241,1397,1397,1397,1397,55288058,55287971,71,71,13275865,1065,1790921676
AOD FFA 8,11,1481,426,425,426,425,3281341,3281014,53,52,1475339,,1790921681
Arc Eno,10,1166,1659,1659,1680,1680,311197922,311197910,26,26,15358383,2220,1790921684
Arch Senpai,10,1178,2488,2488,2613,2613,1536286675,1536286651,52,52,137548740,5115,1790921686
Arclueology,10,1154,647,647,647,647,142604094,142604094,67,67,13036313,1070,1790921687
Arkemyr,15,2457,1190,1185,1190,1185,4604914,4603611,77,76,2606976,,1790921693
Armed Man,10,1154,144,144,144,144,30065991,30065991,37,37,30065991,,1790921697
Arovi,10,1154,2456,2456,2655,2655,2617139924,2617139924,95,95,130941365,4150,1790921698
asfit,10,1154,792,792,792,792,67691203,67691203,36,36,1943897,615,1790921699
AshCatcherr,11,1505,684,683,691,690,102408077,102407726,37,37,13050390,515,1790921701
Astalith Jr,10,1351,634,634,634,634,6374266,6374069,59,59,4517615,,1790921707
astellar hc,10,1154,157,157,157,157,2799512,2799512,13,13,2794234,,1790921714
Astra Lunwel,10,1154,1637,1637,1637,1637,50058132,50058132,57,57,726650,2005,1790921715
At FM,10,1181,2151,2151,2175,2175,557596965,557596938,93,93,121211843,4070,1790921717
Atacks,10,1190,142,142,142,142,25555045,25555009,37,37,25555009,,1790921723
AtlantisTop1,10,1314,2374,2374,2473,2473,1654937781,1654937621,91,91,223092780,4320,1790921724
Atlit Bet,10,1154,1434,1434,1434,1434,57721321,57721321,63,63,2435887,,1790921729
Aus Skilla,10,1276,2138,2138,2148,2148,537991221,537991099,66,66,15014228,4150,1790921730
Awberry,10,1154,2352,2352,2567,2567,4200001270,4200001270,15,15,200001270,4695,1790921732
Azure Agony,10,1200,2196,2196,2231,2231,560994291,560994245,23,23,104846181,,1790921736
AzusaRa,10,1199,1911,1911,1911,1911,162935803,162935758,22,22,1072178,,1790921740
B C D F,10,1154,136,136,136,136,13050260,13050260,15,15,13050260,75,1790921741
B0 3,13,1848,988,985,988,985,4136734,4136040,18,17,131912,,1790921748
Baby Drumgun,10,1154,2152,2152,2181,2181,562426728,562426728,15,15,22844098,3890,1790921749
Baby Hulksje,10,1154,850,850,850,850,6395813,6395813,23,23,2383299,,1790921753
baby roka,10,1154,1931,1931,1967,1967,268060713,268060713,27,27,96644127,1880,1790921755
baits a lot,10,1154,2468,2468,2502,2502,628902717,628902717,109,109,41497072,2970,1790921756
Bald Guru,10,1160,116,116,116,116,1945940,1945934,54,54,1945923,115,1790921758
Barasuishou,10,1154,898,898,911,911,171692696,171692696,71,71,60834209,,1790921762
Baumen,10,1170,2055,2055,2060,2060,246139935,246139919,115,115,67743046,,1790921766
BBR,10,1154,1368,1368,1406,1406,370101127,370101127,15,15,40685436,990,1790921768
BC,14,2261,423,419,423,419,2997005,2995898,68,67,2963879,,1790921772
BEA eggy kf,10,1320,2019,2019,2023,2023,324465607,324465441,31,31,16898899,,1790921778
Beaver Knees,10,1154,2260,2260,2318,2318,1163959491,1163959491,15,15,13036791,2220,1790921779
Bege,10,1308,1182,1182,1182,1182,9189731,9189577,82,82,4132217,,1790921783
Begrenzung,10,1154,1112,1112,1112,1112,18479184,18479184,55,55,3579738,,1790921786
Belgian,10,1163,263,263,270,270,157309085,157309076,78,78,79492327,,1790921789
below xp,10,1154,448,448,449,449,17638815,17638815,15,15,14656821,,1790921795
Bengal Kitty,10,1154,136,136,136,136,13037152,13037152,67,67,13037077,230,1790921797
Beradeira02,10,1154,315,315,315,315,4773456,4773456,55,55,2229764,,1790921801
Beten,10,1157,1905,1905,1929,1929,324122403,324122400,15,15,104283860,,1790921805
BiaGodMan,10,1323,844,844,844,844,10320342,10320173,65,65,1526831,,1790921812
Bianca Lirio,10,1244,750,750,750,750,225376647,225376557,84,84,200004557,540,1790921814
BibooTax,10,1154,2449,2449,2492,2492,1025061961,1025061961,85,85,31626194,2725,1790921815
Big  Penguin,9,1108,1087,1088,1087,1088,31258553,31258599,79,79,26195615,,1790921819
Big Jiggs,10,1168,1544,1544,1544,1544,100934868,100934854,16,16,13077089,,1790921822
Black Belt,10,1316,2344,2344,2344,2344,193171619,193171457,93,93,12066211,3165,1790921826
Blazing Zoot,10,1154,879,879,879,879,18674498,18674498,15,15,13090271,610,1790921827
BLIMPNODE,10,1307,1890,1890,1959,1959,990706741,990706588,82,82,117762860,1405,1790921828
Bloodbathrul,13,1943,251,248,251,248,2519091,2518302,58,57,1474333,,1790921833
Blp K0sherr,10,1302,1236,1236,1236,1236,47561444,47561296,25,25,7541300,1065,1790921835
Blurbell,10,1154,189,189,189,189,30447932,30447932,37,37,30376327,115,1790921836
Bob 420,10,1206,1815,1815,1815,1815,45974196,45974144,101,101,14142231,,1790921840
Bob Semple,10,1154,246,246,252,252,28331655,28331655,27,27,26011844,,1790921844
Bolanz,10,1199,1016,1016,1016,1016,11084213,11084168,32,32,1610176,,1790921847
BonsaiWizard,10,1154,2301,2301,2302,2302,193855601,193855601,95,95,30923177,,1790921850
BorSeta,11,1484,1428,1427,1431,1430,83120088,83119758,57,56,2445840,,1790921854
Bouquets,10,1189,1091,1091,1093,1093,88074172,88074137,15,15,15902714,1360,1790921855
BoxTwo,10,1154,1326,1326,1326,1326,75900585,75900585,67,67,15902544,,1790921860
Broken Pouch,10,1227,2239,2239,2269,2269,799207810,799207737,43,43,104807279,,1790921867
Brtyl,10,1154,2930,2930,2990,2990,1192086785,1192086785,129,129,192143222,10480,1790921868
BruteSkillz2,12,1707,1258,1256,1258,1256,57207476,57206923,16,16,13045682,,1790921873
Btu,10,1296,2668,2668,2704,2704,593953183,593953041,107,107,37436899,,1790921879
bubble gum7,10,1154,578,578,584,584,73761859,73761859,13,13,2426893,500,1790921880
bumlickr,10,1191,138,138,138,138,17139651,17139614,35,35,17139613,175,1790921882
Bun Eh,9,1089,2924,2925,3033,3034,1602416407,1602416472,129,129,550497514,4965,1790921883
Burnt Davis,10,1218,2450,2450,2686,2686,4400001218,4400001154,27,27,400001154,8950,1790921884
Buy Keys,12,1804,1434,1432,1434,1432,15262897,15262247,73,72,1307255,,1790921887
Cactus Cass,10,1248,2284,2284,2367,2367,1545263775,1545263681,27,27,200001160,4865,1790921888
Cakenub,10,1275,1575,1575,1575,1575,56031942,56031821,79,79,14609476,,1790921896
CalicoCabbit,10,1174,1725,1725,1725,1725,71803126,71803106,58,58,15088984,,1790921899
CaptaiNinto,15,2646,847,842,847,842,32960560,32959068,69,68,26463408,560,1790921901
CaptnDaerkin,12,1697,791,789,791,789,25303341,25302798,35,35,13341715,525,1790921902
Cares,10,1190,2009,2009,2029,2029,466371328,466371292,15,15,26091993,,1790921905
Carnillean,10,1242,2857,2857,2903,2903,1054534702,1054534614,111,111,125803336,2815,1790921907
Carriacou,9,1000,595,596,595,596,24430828,24430982,70,70,15297135,510,1790921908
cata1eya,10,1154,2268,2268,2371,2371,1728262155,1728262155,15,15,111949737,3225,1790921910
Cateorgies,10,1154,1504,1504,1519,1519,281423139,281423139,25,25,5115748,,1790921914
CatKathereen,10,1169,1205,1205,1205,1205,19222641,19222626,72,72,8160985,,1790921917
Chaos 12une,10,1154,340,340,344,344,62926069,62926069,69,69,21164182,250,1790921919
Chaos Mystic,9,1000,522,523,522,523,21479573,21479727,54,54,21225095,,1790921925
Charm Cape,10,1154,233,233,233,233,26045584,26045584,15,15,13450907,,1790921929
Charm XP,10,1154,2061,2061,2087,2087,335982296,335982296,27,27,119091105,,1790921933
Charmseeker,10,1155,2275,2275,2361,2361,1567283409,1567283408,15,15,200001154,8310,1790921934
cheesy003,10,1154,916,916,916,916,41009843,41009843,34,34,5447003,,1790921938
cheesy004,10,1170,931,931,931,931,41092894,41092878,34,34,6619897,,1790921944
cheesy005,10,1154,919,919,919,919,37454180,37454180,33,33,5481113,,1790921947
cheesy008,10,1250,771,771,771,771,24557982,24557886,31,31,2877067,,1790921954
Cherkov,10,1171,1621,1621,1621,1621,90780904,90780887,28,28,26357685,,1790921957
Chrimison,15,2488,1996,1991,2081,2076,1281353648,1281352314,30,28,21163476,2195,1790921960
Chris S,10,1216,1067,1067,1067,1067,44107323,44107261,67,67,42614001,,1790921963
Chrissi,10,1154,2068,2068,2109,2109,510886950,510886950,15,15,105628257,2765,1790921964
Citadel EXP,10,1154,260,260,260,260,14166011,14166011,14,14,7152945,,1790921967
Citrate,10,1201,2132,2132,2143,2143,494172511,494172464,15,15,15973005,,1790921973
Claros,10,1155,240,240,240,240,8894594,8894593,59,59,4594344,,1790921977
claymoth,9,1007,1667,1668,1667,1668,79702811,79702958,63,63,8217452,1670,1790921978
Clen Bixby,10,1263,2569,2569,2757,2757,2608099971,2608099862,66,66,257599115,7675,1790921979
Colater814,10,1154,561,561,561,561,14237805,14237805,67,67,13036134,515,1790921981
Compartment,10,1191,1898,1898,1900,1900,119585025,119584988,67,67,32953835,2755,1790921984
Conjure Skil,10,1154,1492,1492,1492,1492,149654894,149654894,80,80,106993957,1475,1790921986
Constrct Bot,10,1154,2223,2223,2279,2279,1079067266,1079067266,15,15,55299831,5005,1790921987
Cordious,10,1259,3104,3104,3361,3361,4972936230,4972936125,129,129,1111808951,13880,1790921988
Cordycepz,12,1647,1773,1771,1773,1771,86857759,86857266,54,53,2321089,1550,1790921992
Couldyounot,15,2436,568,563,568,563,9079541,9078259,56,55,2231907,,1790921995
CozySkills,10,1154,1648,1648,1648,1648,180005054,180005054,14,14,3903040,,1790921999
Cpe,9,1073,950,951,956,957,39389351,39389432,42,42,37253261,,1790922002
Cpl Applsauc,10,1154,2346,2346,2494,2494,1966295150,1966295150,15,15,105129619,5620,1790922004
Creak,10,1154,1349,1349,1349,1349,49570645,49570645,15,15,13072538,1230,1790922010
Crepusculiar,10,1154,899,899,899,899,2506640,2506640,55,55,554205,1340,1790922011
Crodious,10,1203,3143,3143,3400,3400,5599981021,5599980972,129,129,1599980972,12645,1790922013
Crodious F2P,10,1154,193,193,193,193,789708,789708,12,12,776825,,1790922016
Crodious IX,9,1000,1075,1076,1075,1076,3362761,3362915,51,51,374863,,1790922020
Crushlyre305,10,1255,1691,1691,1694,1694,101288596,101288495,46,46,21372212,1545,1790922024
Cut   In,10,1154,502,502,502,502,26327036,26327036,55,55,8872178,,1790922029
Cut Wood plz,10,1156,1453,1453,1453,1453,132872473,132872471,15,15,13152268,,1790922032
Cutdebtriyl,10,1154,1133,1133,1133,1133,65807118,65807118,74,74,17767361,,1790922036
cutie cat24,11,1415,613,612,613,612,1854255,1853994,23,23,1363900,,1790922040
Cyberbattle,10,1336,745,745,745,745,6204108,6203926,62,62,1219677,,1790922043
D e l u l u,10,1249,249,249,249,249,23123189,23123094,67,67,13291725,220,1790922045
D3F BERSERK,10,1180,1193,1193,1200,1200,43574628,43574602,29,29,26419859,,1790922050
D3fence Pur3,10,1154,412,412,412,412,15523682,15523682,27,27,13479482,280,1790922051
Dad Duty,10,1175,2182,2182,2237,2237,666443518,666443497,40,40,137262222,3930,1790922053
Dai Ichi,10,1154,1677,1677,1677,1677,64906497,64906497,89,89,8131112,,1790922056
Daily,10,1154,2450,2450,2686,2686,4400001196,4400001196,27,27,400001196,15550,1790922058
daiyan II,15,2505,1111,1106,1111,1106,78168423,78167072,47,46,13244738,,1790922061
DanaNothin,10,1154,703,703,703,703,43552664,43552664,68,68,42885767,,1790922065
Danny Declan,10,1167,2153,2153,2201,2201,865893522,865893509,15,15,200001195,3925,1790922066
Darketomaly,10,1154,2632,2632,2767,2767,2494087312,2494087312,129,129,1400001154,3395,1790922068
Data Echo,10,1154,1914,1914,1916,1916,208806350,208806350,24,24,13903090,,1790922072
Ddrama Llama,10,1192,2334,2334,2504,2504,3102809151,3102809113,15,15,200001194,2580,1790922073
Dead Drool,10,1205,351,351,351,351,9505446,9505395,59,59,2189302,,1790922077
deadmage21,10,1206,1915,1915,1936,1936,355702887,355702835,89,89,11953376,1575,1790922078
DeadToBrain,10,1154,1694,1694,1694,1694,109940511,109940511,12,12,1115405,2625,1790922082
DEATHBOX,9,1083,1246,1247,1246,1247,30483846,30483917,75,76,6520943,,1790922088
Deathlotus,9,1060,2962,2963,3080,3081,1874460785,1874460879,129,129,429299541,,1790922092
Def Brif,10,1355,2327,2327,2399,2399,1614295339,1614295138,27,27,200001266,3480,1789861311
Def n Skill,11,1402,1163,1162,1163,1162,58095196,58094948,28,27,1017457,,1790922097
Defence_I,10,1202,1868,1868,1874,1874,219035335,219035287,39,39,28497654,,1790922100
Degen4Love,10,1154,140,140,140,140,13132683,13132683,67,67,13132295,110,1790922102
Delacrosi,11,1527,781,780,781,780,227856446,227856073,86,86,200023321,575,1790922103
Delzetta,10,1176,146,146,146,146,37816325,37816303,73,73,37816303,,1790922109
Delzette,10,1176,145,145,145,145,33935280,33935258,72,72,33935258,,1790922112
DenkHelder,10,1163,714,714,714,714,16204852,16204843,53,53,13362808,555,1790922115
Deobfuscated,10,1154,382,382,382,382,1862839,1862839,52,52,1396835,,1790922118
Dfns,10,1198,136,136,145,145,34126150,34126106,27,27,34126096,,1790922123
DG Div,10,1154,2171,2171,2188,2188,467292436,467292436,94,94,46465490,2775,1790922124
Dinarrow,9,1000,2196,2197,2213,2214,182858726,182858880,95,95,89330664,,1790922130
Dirt Claud,10,1154,1130,1130,1135,1135,59410612,59410612,69,69,19052083,880,1790922132
Discordt,13,1899,1851,1848,1851,1848,38227396,38226651,76,75,4604979,3320,1790922133
Dissarronnol,10,1154,637,637,637,637,19052655,19052655,13,13,2100963,,1790922136
div dog,10,1179,1486,1486,1493,1493,278004754,278004729,94,94,47559688,2015,1790922138
divdung,10,1172,1500,1500,1511,1511,71384154,71384136,15,15,13082597,,1790922141
Diversus,10,1212,176,176,176,176,5461647,5461589,61,61,5360092,,1790922144
Divine Nerd,10,1169,1914,1914,1914,1914,62791630,62791615,79,79,4417374,,1790922147
Diviner 001,10,1154,420,420,420,420,7695988,7695988,13,13,2217437,,1790922150
DoDaDewey,10,1154,2985,2985,3031,3031,1102972570,1102972570,123,123,226086693,6435,1790922151
doiz,10,1167,2116,2116,2176,2176,801440739,801440726,15,15,143161042,2045,1790922153
Doll Caster,10,1230,909,909,909,909,6299178,6299102,78,78,3110895,,1790922156
domiyak,10,1190,2437,2437,2644,2644,3673331375,3673331339,70,70,54402798,,1790922160
Donumi,10,1154,835,835,835,835,43204998,43204998,27,27,20629292,,1790922164
DoorDashes,10,1170,2205,2205,2205,2205,186541628,186541612,114,114,96215541,1710,1790197103
Douthits,14,2190,991,987,991,987,25177240,25176204,42,41,1254497,725,1790922169
DowserSimp,10,1154,2026,2026,2040,2040,190806883,190806883,67,67,2911110,2060,1790922170
DR 072,10,1299,2175,2175,2184,2184,389048428,389048283,127,127,131899872,1885,1790922172
Dr DraynorV,10,1240,864,864,864,864,34251538,34251452,82,82,17738457,,1790922178
Dr Lazybum,10,1254,1192,1192,1192,1192,60079678,60079578,76,76,23396408,915,1790922179
Dragonheart,9,1110,2924,2925,2960,2961,1224857386,1224857430,115,116,108453955,5275,1790922181
druul,10,1154,495,495,495,495,27019798,27019798,41,41,9825321,,1790922185
DudeOxi,10,1154,496,496,496,496,5967863,5967863,54,54,1912349,,1790922188
Dugtrio,9,1015,1683,1684,1683,1684,85674241,85674380,91,91,54433751,,1790922192
Dumpsters,10,1154,2801,2801,2851,2851,960375721,960375721,120,120,130925239,3800,1790922194
Durty Slut,10,1191,1479,1479,1479,1479,22010356,22010319,85,85,11327212,1640,1790922195
Dutske,10,1174,2352,2352,2567,2567,4200001273,4200001253,15,15,200001253,5920,1790922197
DuxLimited,10,1180,362,362,362,362,11257357,11257331,13,13,3475185,230,1790922198
e ry,10,1217,2327,2327,2385,2385,1405552458,1405552395,27,27,104475442,,1790922201
EagerBank,11,1392,1379,1378,1379,1378,72329855,72329617,81,81,13839459,1155,1790922203
Ecentreh,10,1248,2166,2166,2173,2173,613467669,613467575,15,15,23702707,6455,1790922205
Ek Zek Kil,10,1154,861,861,861,861,19834682,19834682,58,58,7649562,,1790922208
El Smokkez,10,1154,1575,1575,1576,1576,134741100,134741100,27,27,23265997,,1790922215
Elfen Lied,10,1224,2562,2562,2563,2563,303339633,303339563,115,115,56735942,3940,1790922219
Eliijah,10,1154,1794,1794,1809,1809,213841478,213841478,31,31,1928616,1575,1790922221
Elitesleeves,10,1154,377,377,377,377,2566154,2566154,57,57,2282305,,1790922224
Elldyr,10,1169,1230,1230,1232,1232,72998056,72998041,52,52,16864905,1185,1790922226
Ellebreyals,10,1171,1570,1570,1570,1570,104637699,104637682,92,92,60044826,,1790922231
elmonosuke,10,1340,2291,2291,2348,2348,845717361,845717175,28,28,26140667,,1790922235
ElPolioLoco,10,1154,732,732,751,751,214586007,214586007,15,15,20230636,690,1790922236
Elve99,9,1064,1366,1367,1366,1367,26589166,26589256,33,33,2574396,1190,1790922238
Empathica,9,1030,3068,3069,3237,3238,2615799308,2615799432,129,129,397207158,6755,1790922239
Emzo,10,1180,1421,1421,1421,1421,106882604,106882578,15,15,13099571,1105,1790922240
EN16MA M4GE,10,1212,739,739,739,739,20191759,20191701,66,66,12952383,515,1790922242
Enligh10 Me,10,1274,1927,1927,1927,1927,46179734,46179614,72,72,2232600,2100,1790922243
Enter One,9,1047,1665,1666,1673,1674,558886252,558886359,117,118,395309891,1445,1790922245
Entrophy,10,1230,1806,1806,1806,1806,76128497,76128421,94,94,9155712,1755,1790922248
Epifisaria,10,1154,997,997,997,997,7014082,7014082,55,55,2164254,,1790922253
Eryx96,10,1180,1455,1455,1455,1455,42594919,42594893,15,15,13073032,,1790922256
Esayan,10,1154,199,199,199,199,11347304,11347304,65,65,10844803,280,1790922258
Essilor,10,1154,314,314,325,325,52329203,52329203,15,15,40191794,275,1790922259
Esswraiths,10,1154,2109,2109,2177,2177,783899069,783899069,40,40,13361618,3895,1790922261
Eto Vladimir,10,1154,1023,1023,1023,1023,14801039,14801039,28,28,2283019,805,1790922262
Euphinator,10,1154,875,875,875,875,25337740,25337740,67,67,13684726,595,1790922263
Eurydius,10,1212,1086,1086,1097,1097,167537322,167537264,74,74,46814878,1035,1790922267
Everisse,10,1168,2352,2352,2567,2567,4200001228,4200001214,15,15,200001214,4820,1790922269
ewww it me,12,1792,904,902,904,902,8749480,8748842,74,73,3632453,830,1790922270
Exortizt,10,1201,264,264,264,264,6084856,6084809,42,42,1026756,185,1790922271
Ezells,10,1281,1222,1222,1222,1222,34100586,34100459,20,20,778826,,1790922275
Ezroni,10,1210,1722,1722,1743,1743,278909026,278908970,15,15,200001343,,1790922279
F-cked up,10,1179,2452,2452,2651,2651,2263221274,2263221249,28,28,211655106,,1790922282
f2p construc,10,1154,374,374,374,374,40391235,40391235,55,55,14277150,250,1790922283
F2P Nameless,10,1154,844,844,844,844,17735121,17735121,67,67,13366238,660,1790922285
F2Prayer,10,1154,1227,1227,1227,1227,38101024,38101024,15,15,13114106,,1790922288
Failed 9HP,11,1484,2073,2072,2073,2072,59329682,59329352,98,98,19073767,,1790922294
Failed SKill,10,1186,1844,1844,1847,1847,288143346,288143314,14,14,3958151,4000,1790922295
FailedGnoc,10,1154,1305,1305,1305,1305,14755988,14755988,13,13,2700899,,1790922298
Faith 4 Ever,10,1154,653,653,656,656,20552614,20552614,15,15,17715421,,1790922301
Faithful Guy,10,1259,1707,1707,1711,1711,354422225,354422120,115,115,243791937,1625,1790922303
fakalolo,11,1555,1576,1575,1576,1575,33485089,33484688,70,70,3936774,1765,1790922304
Fallowsage,10,1249,2234,2234,2239,2239,207877310,207877215,91,91,36605157,,1790922307
Farcutblood,10,1182,2165,2165,2246,2246,1019734482,1019734454,15,15,18030336,3670,1790922312
FatherInk,10,1154,492,492,492,492,3882072,3882072,13,13,1689866,,1790922316
FatPanda9,10,1154,383,383,383,383,18320989,18320989,13,13,1746248,,1790922319
Fe Ang,11,1374,731,730,731,730,6680863,6680643,42,42,3367564,615,1790922320
Feasty,10,1157,2346,2346,2557,2557,3730318407,3730318404,15,15,200001256,5170,1790922322
Felv,10,1171,2179,2179,2189,2189,386479344,386479327,34,34,14962821,2490,1790922323
Fennnnrirrrr,10,1175,1111,1111,1111,1111,23493336,23493315,15,15,10248959,1060,1790922325
Feodor,11,1382,2318,2317,2466,2465,2140672458,2140672230,17,17,112170008,11105,1790922326
Final Days,10,1154,675,675,675,675,1439099,1439099,35,35,104712,,1790922333
Fish Gang,9,1066,2336,2337,2532,2533,3144749900,3144749988,15,15,143165210,4650,1790922334
Fish Slayer,11,1382,2168,2167,2201,2200,761631164,761630936,17,16,13116511,3480,1790922335
Fishdadolaf,9,1000,153,154,153,154,2892863,2893017,17,17,2893017,680,1790922337
FishShticks,10,1212,1995,1995,1996,1996,219338697,219338639,26,26,19508913,,1790922340
Flamaniax,10,1194,495,495,495,495,7616086,7616046,62,62,7166138,,1790922344
Flat Prays,10,1154,1431,1431,1431,1431,23540266,23540266,12,12,1156692,2005,1790922346
Flex Quest,10,1215,2264,2264,2266,2266,585216633,585216572,27,27,28768192,,1790922352
Flicker,10,1200,2450,2450,2686,2686,4400001200,4400001154,40,40,400001154,6855,1790922353
Flower Lys,10,1325,739,739,739,739,226543522,226543351,82,82,200002663,515,1790922354
fond memorys,10,1154,247,247,247,247,7240408,7240408,40,40,4131641,,1790922358
Foot Doctor,10,1154,1520,1520,1541,1541,343894883,343894883,35,35,16838633,1455,1790922359
Forge Hero,10,1280,946,946,956,956,203149711,203149585,61,61,5360509,675,1790922360
Formitable,10,1195,2352,2352,2567,2567,3672799798,3672799757,15,15,200001296,4640,1790922366
Fracs,10,1263,1489,1489,1489,1489,24935836,24935727,71,71,1359483,,1790922370
FranticAgony,10,1195,2493,2493,2497,2497,309045823,309045782,108,108,39620175,,1790922375
Free My S0ul,10,1154,1600,1600,1601,1601,150012175,150012175,49,49,1781460,,1790922378
fro,10,1154,2230,2230,2301,2301,1012116433,1012116433,15,15,107441229,5505,1790922380
Frozen Meth,10,1308,1126,1126,1126,1126,49406419,49406265,15,15,13039909,,1790922383
Funko Pop,10,1154,1573,1573,1582,1582,165648950,165648950,15,15,13365554,,1790922386
G E Oldie,14,2364,920,916,923,919,23949489,23948279,56,55,19237145,670,1790922388
G Nome Loom,13,1906,777,774,777,774,31195269,31194517,67,67,26230990,550,1790922389
G u cc i,14,2236,1821,1817,1853,1849,392329202,392328120,20,19,13148742,2095,1790922391
G00Z,10,1154,979,979,989,989,49481748,49481748,14,14,5635492,,1790922394
Gallifrey,9,1125,1907,1908,1907,1908,58550550,58550579,81,81,2688601,,1790922400
GE Standerz,10,1154,1535,1535,1535,1535,52957015,52957015,35,35,13231540,,1790922404
George 10HP,11,1494,2126,2125,2134,2133,194229060,194228720,116,116,53016188,2270,1790922408
George 9HP,9,1012,1443,1444,1443,1444,29422798,29422940,68,68,1809579,,1790922411
Georgias,9,1000,1100,1101,1101,1102,97721242,97721396,73,74,14903426,955,1790922413
GetMerchedOn,10,1162,655,655,655,655,23239662,23239654,54,54,10840306,560,1790922414
Giggleschits,10,1154,734,734,734,734,21333380,21333380,15,15,3263612,,1790922418
Gitx,10,1183,2373,2373,2567,2567,3155456652,3155456623,80,80,200001154,5380,1790922419
Gktr,9,1081,1619,1620,1619,1620,75338290,75338363,25,26,5350570,,1790922423
Glad Raccoon,10,1154,1940,1940,1944,1944,349029789,349029789,14,14,3698016,2025,1790922424
Glyntari,10,1170,2455,2455,2691,2691,4400001623,4400001607,28,28,400001607,5355,1790922425
Glyphs,10,1154,2106,2106,2120,2120,860048528,860048528,80,80,200001154,2025,1790922427
Gnoc,10,1154,1312,1312,1312,1312,18418096,18418096,14,14,6824596,1650,1790922428
Gold Whorder,10,1183,1857,1857,1859,1859,278719845,278719816,97,97,164337263,2355,1790922429
goldcoinztoo,10,1199,1895,1895,1896,1896,183998748,183998703,15,15,15765053,,1790922436
Grand Cube,10,1154,1726,1726,1730,1730,310966533,310966533,80,80,200001196,1650,1790922437
Grand sales,10,1176,369,369,369,369,4718436,4718414,14,14,4524374,,1790922440
Grandielle,9,1018,692,693,692,693,17727952,17728088,66,67,13360000,,1790922444
GraveRaiser,10,1154,466,466,466,466,3599030,3599030,55,55,2417956,,1790922447
Green star,10,1183,1114,1114,1114,1114,49532962,49532933,15,15,13089652,,1790922451
Green096,10,1162,202,202,202,202,7954300,7954292,63,63,7391148,,1790922457
Griffen,10,1178,1380,1380,1380,1380,41370244,41370220,29,29,2450535,1135,1790922459
Grimm 0ne,10,1154,284,284,284,284,1823114,1823114,10,10,284297,,1790922462
Grimy Skull,10,1154,1165,1165,1165,1165,7873760,7873760,12,12,1289742,,1790922466
Grommy Test,10,1178,1071,1071,1071,1071,18353583,18353559,42,42,8315854,,1790922470
GuuTheNoob,10,1154,122,122,122,122,3318274,3318274,58,58,3318274,,1790922474
Hacker,10,1154,975,975,975,975,38855271,38855271,35,35,114571,,1790922479
Haista kettu,10,1299,2340,2340,2436,2436,1305053654,1305053509,36,36,110910549,,1790922483
Haljarunae,10,1154,597,597,597,597,18360355,18360355,46,46,605006,695,1790922484
HaloFunko,10,1324,1219,1219,1219,1219,120751651,120751481,81,81,13332194,850,1790922486
Happy Craft,10,1196,2441,2441,2605,2605,2351745735,2351745693,30,30,400001675,8640,1790922488
Hazeldear,10,1167,1651,1651,1651,1651,129235662,129235649,15,15,13330144,,1790922491
Hc of Omo,10,1178,1710,1710,1710,1710,118068765,118068741,13,13,126112,3355,1790922493
Hecklefish69,14,2338,1340,1336,1340,1336,12487586,12486402,68,67,5182426,,1790922499
hellbillyy,11,1396,563,562,563,562,1889861,1889619,49,48,1041585,,1790922502
Hello Im Jon,10,1310,1704,1704,1705,1705,58077629,58077473,87,87,34473011,1310,1790922506
Hello Witty,10,1208,2471,2471,2686,2686,3551562939,3551562885,93,93,344197574,5440,1790922508
henrymage,10,1154,1207,1207,1211,1211,361662478,361662478,87,87,200083001,850,1790922509
herdunkachud,10,1154,1387,1387,1420,1420,289691678,289691678,24,24,3882226,,1790922512
Hey Adora,10,1154,2454,2454,2555,2555,1507912108,1507912108,92,92,54684996,9320,1790922514
hfgw,10,1277,3029,3029,3279,3279,2830656652,2830656529,128,128,630356209,11820,1790922516
Holy Grail,10,1196,2158,2158,2167,2167,487382029,487381987,15,15,21573868,6505,1790922518
Host Moops,14,2172,135,131,135,131,1534491,1533473,54,53,1533284,,1790922525
Hotskiller,10,1154,987,987,987,987,56284678,56284678,15,15,13035660,,1790922528
houdhakker2y,10,1154,1039,1039,1056,1056,230972968,230972968,77,77,64495414,,1790922532
HowToTrainHP,10,1165,2600,2600,2600,2600,245230739,245230728,110,110,48501025,,1790922535
Huffelpuff,9,1000,1971,1972,1971,1972,66359085,66359239,90,90,16695879,3920,1790922537
hulkskillz,10,1154,2273,2273,2336,2336,1255981825,1255981825,80,80,200001298,2165,1790922538
humildao I,10,1154,2343,2343,2548,2548,3758561110,3758561110,15,15,142479207,5545,1790922539
hungrybussy,10,1172,1824,1824,1836,1836,240437943,240437925,33,33,7996675,1585,1790922541
Hurry Potter,9,1039,180,181,180,181,755286,755401,38,39,199035,,1790922544
Hustle Mania,10,1154,1547,1547,1568,1568,172839132,172839132,15,15,108254722,1380,1790922545
Hypno Tick,12,1734,974,972,974,972,6856448,6855868,70,69,1597497,,1790922549
I AM BTU,10,1218,2257,2257,2303,2303,721984206,721984142,71,71,17237850,,1790922554
I have 9 HP,9,1000,2388,2389,2396,2397,267062496,267062650,115,116,108951884,,1790922558
i kiss ur gf,9,1000,1970,1971,1970,1971,82474152,82474306,73,73,14337471,,1790922564
I was poor,10,1154,2303,2303,2326,2326,754810733,754810733,27,27,33244727,2500,1790922566
iBjornson,10,1329,1051,1051,1051,1051,23091653,23091478,67,67,1606303,780,1790922567
Icy Crusher,10,1268,852,852,852,852,12953997,12953883,38,38,8031735,,1790922571
IFreaya,10,1294,2155,2155,2175,2175,532690822,532690682,68,68,6730099,2645,1790922573
iivY x,11,1377,1882,1881,1882,1881,116114467,116114244,58,58,3639970,2795,1790922578
iKnX S,10,1309,2061,2061,2080,2080,516911485,516911330,28,28,17097647,,1790922581
Ilovesam4,10,1212,164,164,164,164,1037792,1037734,50,50,1020930,,1790922585
Im 10 HP,10,1348,2367,2367,2385,2385,318365418,318365224,115,115,75718778,,1790922591
Im 9 Hp,9,1024,1926,1927,1938,1939,107887441,107887571,106,106,21661044,,1790922594
Im A Herb,11,1514,2123,2122,2164,2163,673947512,673947152,15,15,13226806,2760,1790922595
Im Defending,10,1159,1746,1746,1748,1748,207474257,207474252,27,27,13316741,,1790922599
Im emi,10,1203,1478,1478,1478,1478,46360318,46360269,27,27,20686809,,1790922602
Im FedEx,10,1154,1454,1454,1454,1454,73948806,73948806,15,15,13269652,,1790922608
IM Huntin,10,1195,1641,1641,1641,1641,98162169,98162128,9,9,111822,,1790922612
Im of Magic,10,1162,110,110,110,110,1024522,1024514,50,50,1024464,,1790922616
Im sus AF,10,1163,2119,2119,2119,2119,428266732,428266723,80,80,109277889,,1790922620
Im_9HP,9,1000,2245,2246,2245,2246,215524255,215524409,96,97,53820002,1520,1790922621
imarichnewb,10,1158,379,379,379,379,24897621,24897617,15,15,13047532,235,1790816910
ImaSealion,10,1179,2348,2348,2348,2348,144725742,144725717,109,109,31866496,,1790922630
Incendiarism,10,1183,2352,2352,2567,2567,4200001265,4200001236,27,27,200001236,8510,1790922631
Inexact,10,1305,2001,2001,2002,2002,231654350,231654199,19,19,15076204,,1790922635
infernyfi,10,1172,2358,2358,2459,2459,1404940945,1404940927,25,25,19600979,,1790922639
Inquisinator,14,2112,248,244,248,244,13491476,13490518,70,69,13346115,,1790922642
Instantkarma,10,1154,2352,2352,2567,2567,3828949617,3828949617,15,15,200001154,9160,1790922644
IrnFrdNva,14,2363,803,799,803,799,7455529,7454320,62,61,3280150,660,1790922645
Iron Crossy,10,1154,392,392,392,392,8376644,8376644,22,22,2956606,235,1790922647
Iron Isaac,12,1606,1843,1841,1856,1854,181806859,181806407,55,55,5702308,1695,1790922648
Iron Jardimm,10,1274,945,945,945,945,12749985,12749865,57,57,1822433,,1790922655
Iron Mand,13,1918,877,874,877,874,4570026,4569262,29,28,2682067,775,1790922656
Iron ugzley,10,1154,1278,1278,1278,1278,37568966,37568966,20,20,1464095,1125,1790922657
IronCrossbox,10,1154,2448,2448,2477,2477,805884789,805884789,80,80,24864313,4985,1790922659
IronSkillGPS,10,1162,1930,1930,1930,1930,268458713,268458705,14,14,4695542,4170,1790922660
IRtehBestEVA,10,1196,1202,1202,1231,1231,339583579,339583537,15,15,105863853,1615,1790922662
Ism,9,1065,2221,2222,2246,2247,506947776,506947865,91,91,40323114,2680,1790922665
iSum,10,1154,1848,1848,1870,1870,271307984,271307984,15,15,104595711,,1790922671
IsUnbreakble,10,1154,1421,1421,1421,1421,120414630,120414630,14,14,5668450,,1790922675
iTaonas,10,1191,1964,1964,1992,1992,592219143,592219106,40,40,72458193,1760,1790922677
Its arceus,10,1154,716,716,763,763,458009328,458009328,15,15,200001154,,1790922681
Its Vegas,10,1207,1825,1825,1826,1826,215052144,215052091,15,15,14636527,2345,1790922687
IVIod Arcane,10,1154,1294,1294,1294,1294,72950931,72950931,89,89,56695999,,1790922692
Izzy Skills,10,1158,2131,2131,2173,2173,621551359,621551355,15,15,37123575,2580,1790922694
J T 7,14,2307,1763,1759,1763,1759,147704176,147703023,32,31,23860490,1870,1790922695
J4bb4th3hut,14,2373,1326,1322,1326,1322,29965242,29964023,62,61,2120290,,1790922700
Jarot,9,1000,1897,1898,1925,1926,345003167,345003321,15,15,110653958,2615,1790922701
JETPACKGRIMY,10,1166,719,719,724,724,32653740,32653728,15,15,22755788,,1790922707
Jhene Shadow,15,2553,1813,1808,1813,1808,180369310,180367911,27,26,13087438,2910,1790922708
Jili,10,1154,1521,1521,1521,1521,88634420,88634420,15,15,13200238,1295,1790922712
Jill Ayekin,10,1154,1394,1394,1397,1397,71810660,71810660,82,82,47649015,1200,1790922713
Jimmy Cliff,9,1046,2070,2071,2070,2071,295206651,295206759,16,16,12522104,5355,1790922715
Jjonnerheim,10,1154,2299,2299,2309,2309,856914016,856914016,27,27,26146201,,1790922719
Joey is,9,1000,2995,2996,3135,3136,2388905741,2388905895,129,129,555756575,5575,1790922720
Johns Druid,10,1193,1938,1938,1946,1946,434904234,434904195,15,15,18369347,3945,1790922722
Jollypockets,10,1155,1947,1947,1955,1955,257331545,257331544,15,15,14527296,,1790922725
JPLMBR,10,1154,2156,2156,2215,2215,859252176,859252176,16,16,14429753,,1790922730
JS125,10,1178,637,637,637,637,4841678,4841654,59,59,4204311,455,1790922731
JTO,12,1715,307,305,307,305,15951510,15950949,19,19,13067612,,1790922734
Judge Rs,10,1302,1539,1539,1549,1549,159610480,159610332,56,56,2355804,1360,1790922741
Jugo de lulo,10,1154,2078,2078,2092,2092,337669100,337669100,13,13,2087318,3135,1790922742
Just A Maple,10,1155,1494,1494,1497,1497,116062706,116062705,21,21,3079706,1435,1790206250
Just Dusting,11,1512,872,871,872,871,7815911,7815553,58,58,2170075,,1790922749
Jvsten,10,1178,2231,2231,2282,2282,608595625,608595601,36,36,190109238,,1790922752
K--Y--S,10,1154,1522,1522,1531,1531,71450168,71450168,15,15,33331469,2135,1790922753
Kael Royale,10,1158,1558,1558,1558,1558,131988642,131988638,15,15,13664348,,1790922757
Kalliope Umi,10,1154,425,425,448,448,137351234,137351234,67,67,113620802,705,1790922758
Kang I Kodos,10,1290,968,968,968,968,7397895,7397759,54,54,1745002,,1790922764
Kangali VI,10,1154,223,223,223,223,33598403,33598403,72,72,33593912,305,1790922765
Karryn,10,1154,1680,1680,1680,1680,88046942,88046942,69,69,1379281,1285,1790922766
Katerie,9,1137,1787,1788,1787,1788,29489342,29489359,64,64,2148776,,1790922770
Kenny V1,9,1000,2930,2931,2961,2962,1056388075,1056388229,129,129,198878766,3775,1790922772
Keyli,10,1154,2057,2057,2082,2082,384430506,384430506,15,15,106665045,2210,1790922773
Kid of 2007,13,2016,708,705,708,705,14771388,14770526,50,49,13198820,520,1790922774
KiirusViirus,10,1154,276,276,276,276,13543185,13543185,67,67,13310690,310,1790922776
king ak,10,1154,298,298,298,298,15089268,15089268,25,25,14868447,,1790922780
King Nirvan,10,1247,1740,1740,1750,1750,175818515,175818422,18,18,14013555,,1790922783
Knitting,10,1300,1486,1486,1499,1499,79709894,79709748,32,32,48727191,1875,1790922784
Kodysseus,10,1163,1693,1693,1698,1698,123638413,123638404,15,15,6688963,,1790922787
koersfiets,10,1165,2228,2228,2311,2311,1009761357,1009761346,15,15,100735365,4235,1790922789
Koompaloompa,14,2241,1418,1414,1428,1424,151298511,151297424,25,24,2361028,,1790922794
Korken 10hp,10,1154,482,482,482,482,4429700,4429700,61,61,1574876,,1790922797
Krazy Golf,10,1260,1235,1235,1280,1280,742152273,742152167,71,71,28334569,,1790922802
KristiN00B,10,1154,1521,1521,1521,1521,126371479,126371479,56,56,2330809,,1790922805
KrystalMana,14,2115,1124,1120,1124,1120,55149276,55148315,74,73,35979558,,1790922808
kunuhasa,14,2111,616,612,616,612,22941685,22940728,55,54,1143690,540,1790922809
Kurd ico,10,1173,682,682,682,682,15661845,15661826,74,74,14687762,850,1790922815
Kurm,10,1163,1989,1989,2015,2015,286175178,286175169,63,63,105772121,1770,1790922818
L 15,10,1154,1973,1973,1980,1980,245309188,245309188,15,15,28255178,,1790922821
l el,11,1451,1866,1865,1869,1868,301570783,301570486,16,16,18479363,,1790922824
L0m,10,1201,1508,1508,1508,1508,104323562,104323515,16,16,13102339,1270,1790922828
Laagvlieger,12,1660,1945,1943,1945,1943,192311750,192311244,66,66,4136160,,1790922834
Labal,10,1154,983,983,983,983,9136542,9136542,68,68,3360198,,1790922837
Lady Yuna,10,1162,2320,2320,2462,2462,1929568819,1929568811,15,15,107676961,4720,1790922838
Lag Summoner,10,1154,3139,3139,3396,3396,5298089059,5298089059,129,129,1298089059,,1790922841
Lake and Sky,10,1154,1296,1296,1305,1305,101662569,101662569,15,15,13172315,,1790922844
Lambong,10,1184,1413,1413,1413,1413,294993482,294993452,93,93,200230106,,1790922850
LanaSushiRol,10,1155,1994,1994,2000,2000,342464216,342464215,13,13,3002695,,1790922854
Lass Kannon,10,1171,2326,2326,2349,2349,723270402,723270385,93,93,125504292,,1790922857
Latigo,10,1162,2098,2098,2103,2103,328776955,328776947,15,15,13056626,2315,1790922859
Lava Miner,10,1232,798,798,798,798,8030863,8030785,34,34,1566770,,1790922862
Lavt liv,10,1294,1793,1793,1793,1793,38216171,38216031,79,79,2770089,2460,1790922868
Le Hupli,10,1236,467,467,467,467,11657992,11657910,33,33,7000976,320,1790922869
Leaky Boat,10,1280,784,784,784,784,8379854,8379728,60,60,1984512,,1790922872
LedLed XV,10,1154,2094,2094,2099,2099,548772156,548772156,15,15,13041353,2330,1790922874
Legion Rain,14,2131,400,396,400,396,3357089,3356112,64,63,3315684,,1790922877
Lets Test,13,1964,1345,1342,1345,1342,19278644,19277834,66,65,1023405,1445,1790922880
Lil Heathen,9,1002,1618,1619,1618,1619,19919930,19920082,81,81,5757081,,1790922886
Lil Hokn,10,1154,2084,2084,2084,2084,98826050,98826050,100,100,33241430,2070,1790922888
Lil Korvus,10,1280,1978,1978,1989,1989,164988058,164987932,74,74,6174245,,1790922895
Lil Suicune,10,1193,2406,2406,2565,2565,2079887751,2079887712,27,27,262895290,4525,1790922897
lilauxx,10,1292,1372,1372,1372,1372,77042735,77042597,76,76,15090520,,1790922901
LilDimePiece,10,1208,2367,2367,2480,2480,1900669094,1900669040,27,27,161353747,2450,1790922902
Lindsay Luck,15,2413,2775,2770,2848,2843,1043042345,1043041086,112,110,74431130,,1790922909
Lipton Jr,10,1284,2333,2333,2441,2441,1890193901,1890193771,15,15,13294698,6525,1790922910
Live 2 Thief,10,1172,1187,1187,1187,1187,20594446,20594428,58,58,2113170,,1790922914
Living Soul,9,1036,2715,2716,2732,2733,705886070,705886188,127,127,159479993,3825,1790922916
ll Defensive,10,1154,1926,1926,1946,1946,320795458,320795458,35,35,7680758,2735,1790922920
Local Chat,10,1154,1265,1265,1265,1265,50397160,50397160,73,73,31809869,1070,1790922921
Lomps,10,1177,1173,1173,1173,1173,107389861,107389838,14,14,5351824,,1790922927
Loovin u 247,10,1230,856,856,863,863,115556982,115556906,37,37,10512974,740,1790922929
Love Grey,10,1269,1144,1144,1144,1144,26990242,26990127,55,55,4141640,,1790922932
Love of Nite,11,1581,2188,2187,2283,2282,1015977283,1015976856,16,16,104741183,,1790922936
Lovers,10,1229,2186,2186,2237,2237,908007283,908007208,15,15,200001252,2925,1790922937
LSPVM247,10,1350,403,403,403,403,7307932,7307736,26,26,7094378,,1790922940
Lucky Green,10,1168,801,801,805,805,128295197,128295183,15,15,16019527,,1790922947
Ludo Bagman,9,1000,2048,2049,2048,2049,142328389,142328543,85,85,8117543,,1790922951
Lunatic Iron,10,1310,1653,1653,1655,1655,97861369,97861213,41,41,1552734,2330,1790922953
Lunnbridge,10,1162,1099,1099,1106,1106,44409586,44409578,66,66,27098174,790,1790922954
Lv-3 Fe,10,1154,2226,2226,2272,2272,1062459897,1062459897,15,15,13162178,,1790922958
LvItenhp,10,1168,2524,2524,2533,2533,362356801,362356787,105,105,57420605,2830,1790922959
lvl3 sum lol,10,1154,1368,1368,1368,1368,125328103,125328103,17,17,13430527,,1790922964
Lyrelii,10,1159,2255,2255,2438,2438,2805104094,2805104089,15,15,200001166,3800,1790922966
M aa xx,10,1308,2334,2334,2412,2412,1044558647,1044558493,28,28,79899566,3185,1790922968
M9A5,10,1154,290,290,290,290,3783521,3783521,24,24,1896351,,1790922971
Mad Gaz,10,1188,1948,1948,1962,1962,309326247,309326213,15,15,13340224,2070,1790922973
madting bro,15,2688,411,406,411,406,2219735,2218201,57,55,1795280,410,1790922974
Maeven,10,1154,1904,1904,1915,1915,247238799,247238799,15,15,31667467,,1790922981
Mage Maghda,9,1000,427,428,427,428,8069887,8070041,33,33,7664233,,1790922984
Mage Rapid99,10,1307,1273,1273,1281,1281,71500003,71499850,88,88,15244263,,1790922987
MageCapybara,14,2324,491,487,491,487,111349807,111348637,90,89,111069589,,1790922992
Maged Iris,10,1154,283,283,283,283,15766389,15766389,53,53,1776750,,1790922996
Magenaise,10,1190,144,144,144,144,30429172,30429136,72,72,30429130,180,1790922997
MagesOnly,10,1270,1455,1455,1455,1455,46259413,46259297,64,64,7963862,,1790923003
Magh Da,9,1000,203,204,203,204,28753649,28753803,37,37,28752510,195,1790923004
Magh X,10,1181,538,538,538,538,30173112,30173085,68,68,29587638,630,1790923006
Maghda I,9,1000,961,962,961,962,57375687,57375841,84,84,47504818,1135,1790923007
Maghda X,10,1154,813,813,813,813,38093802,38093802,38,38,34123337,1180,1790923009
magi me,10,1154,130,130,130,130,7590604,7590604,63,63,7590604,,1790923012
Magic 0ne,10,1156,2292,2292,2292,2292,326551764,326551762,79,79,40502467,,1790923016
Magic seed,10,1154,1681,1681,1682,1682,238657870,238657870,40,40,67600311,,1790923022
Magic Show,10,1154,2605,2605,2673,2673,1673707072,1673707072,80,80,359826321,3145,1790923023
MagicSesa73,10,1154,314,314,314,314,4830794,4830794,66,66,4298238,,1790923027
Maging R S O,10,1154,206,206,206,206,113637724,113637724,93,93,113637724,,1790923033
Magus Skill,10,1169,747,747,747,747,22698083,22698068,17,17,917666,,1790923037
Mahmoudina,10,1154,488,488,488,488,3059415,3059415,23,23,2565115,,1790923040
MainInHiding,10,1343,1750,1750,1750,1750,161788047,161787858,15,15,13129378,,1790923048
Maiow Cat 7,13,2106,138,135,138,135,8522802,8521850,64,63,8521758,290,1790923050
Mala Vita,10,1157,1839,1839,1839,1839,226856460,226856457,15,15,8190341,,1790923053
mandabala01,10,1243,206,206,206,206,5955528,5955439,63,63,5955227,135,1790923054
Marijke,10,1189,1314,1314,1314,1314,61965152,61965117,15,15,13147408,,1790923059
Mario Kart64,10,1154,2139,2139,2159,2159,401800786,401800786,67,67,30725356,2730,1790923061
MarIowe,10,1154,2459,2459,2674,2674,4213022335,4213022335,30,30,400002653,7600,1790923062
Mathemagicks,9,1000,3142,3143,3399,3400,4188238353,4188238507,129,129,1234643617,35405,1790923064
Matilda,10,1188,2022,2022,2027,2027,465917540,465917506,23,23,1991997,2875,1790923065
maxfreibook,10,1154,1042,1042,1046,1046,353910036,353910036,86,86,200081425,740,1790923067
Maybe 9HP,9,1000,1545,1546,1545,1546,42531206,42531360,78,78,26520280,,1790923071
MayorRice,10,1162,2152,2152,2167,2167,386735546,386735538,52,52,44334738,4585,1790923077
McGuff,9,1000,1787,1788,1797,1798,148685733,148685887,88,88,41188903,,1790923081
Meldrakor,13,1968,435,432,435,432,3706098,3705284,63,63,3481386,,1790923084
Mendon,10,1167,1676,1676,1688,1688,387518678,387518665,15,15,13330624,1420,1790923086
meowowowo,14,2270,614,610,614,610,206012197,206011081,86,85,200007747,475,1790923087
Mercedes 2,12,1795,2584,2582,2761,2759,2823795561,2823794920,84,84,82675253,5580,1790923089
merch dclaws,10,1181,2521,2521,2568,2568,1013519068,1013519041,92,92,69767955,4350,1790923090
Metemgee,10,1325,1622,1622,1622,1622,316696825,316696654,60,60,1274527,1640,1790923092
Mic Burgle,10,1344,1146,1146,1146,1146,21444574,21444384,53,53,1825013,,1790923095
Micahx x,10,1154,1193,1193,1193,1193,23542861,23542861,12,12,1205649,,1790923098
Micahx_x,10,1154,1193,1193,1193,1193,23542861,23542861,12,12,1205649,,1790923101
Michal w,10,1154,1786,1786,1789,1789,209210979,209210979,15,15,9724849,,1790923105
Mighty Gainz,10,1154,1720,1720,1720,1720,108300784,108300784,10,10,219955,,1790923108
Mihawk,10,1356,3143,3143,3400,3400,5600001356,5600001154,129,129,1600001154,11235,1790923109
Mijttam,10,1154,1245,1245,1245,1245,50163363,50163363,84,84,22131210,1030,1790923110
milhodalari,10,1163,136,136,136,136,2142046,2142037,54,54,2139591,,1790923116
Minersalmon,10,1154,2506,2506,2574,2574,974255366,974255366,91,91,78078989,2910,1790923118
mini Auri-El,10,1155,1702,1702,1702,1702,18330221,18330220,69,69,1666514,,1790923121
mini fnf,10,1205,2004,2004,2039,2039,621709626,621709575,15,15,111915005,,1790923125
Mini Gothit,10,1260,2155,2155,2162,2162,494328157,494328051,15,15,13040304,4210,1790923126
Mini Kierran,10,1155,2303,2303,2373,2373,912823388,912823387,27,27,125734162,4575,1790923127
Mini Meep,10,1181,2160,2160,2285,2285,1383483904,1383483877,27,27,208557639,1820,1790923129
mini nado,10,1154,1212,1212,1212,1212,11334921,11334921,68,68,2733828,,1790923134
Mini O Jelly,10,1176,2517,2517,2522,2522,364413102,364413080,116,116,57754591,4485,1790923139
MiningCouper,10,1220,733,733,751,751,323697028,323696962,39,39,55107026,,1790923144
Miss Jess,10,1197,2375,2375,2437,2437,1183866371,1183866328,27,27,119671016,,1790923149
Moiist,10,1171,1358,1358,1358,1358,50411280,50411263,15,15,13090768,,1790923153
Moist Napkin,10,1327,1481,1481,1481,1481,108074547,108074374,43,43,351776,,1790923156
MokoJohanna,10,1203,165,165,165,165,7290029,7289980,33,33,7284321,,1790923160
Momentable,10,1154,827,827,842,842,258799093,258799093,58,58,3789558,605,1790923162
Mommy Noodle,10,1183,1981,1981,1984,1984,134132694,134132665,95,95,19276848,1660,1790923164
MontyPython,10,1154,1850,1850,1850,1850,164865152,164865152,15,15,13049362,1730,1790923165
Moose t1,13,1891,610,607,610,607,7069599,7068862,20,20,2616906,345,1790923167
MoreOfMe,12,1689,2039,2037,2066,2064,583239010,583238475,20,19,13207267,2670,1790923168
Morphosed,10,1256,2352,2352,2567,2567,3218296677,3218296575,27,27,200001208,4400,1790923169
Mortes,10,1211,2185,2185,2191,2191,598145163,598145106,17,17,13084561,4350,1790923171
Mozbi,10,1163,2272,2272,2281,2281,647069950,647069941,27,27,26347176,,1790923176
Mq,10,1172,1111,1111,1191,1191,926181161,926181143,28,28,223480784,,1790923180
Mr Rare 9hp,9,1109,323,324,323,324,4002554,4002599,58,58,3834308,,1790923183
MrSense,10,1193,1994,1994,1994,1994,252533270,252533231,117,117,137508940,1945,1790923185
Ms10HpCherry,10,1154,1195,1195,1200,1200,122203539,122203539,67,67,47517552,,1790923191
Mtn Dew Dew,10,1233,1179,1179,1179,1179,12023769,12023690,61,61,3562626,,1790923194
Mtxd,10,1154,1559,1559,1559,1559,39938661,39938661,78,78,7686994,1465,1790923195
Muddy Paws,10,1154,2045,2045,2052,2052,256013300,256013300,75,75,12888225,5845,1790923197
Muho,10,1154,2194,2194,2215,2215,864284815,864284815,15,15,13208468,2480,1790923198
musclz,10,1154,1231,1231,1231,1231,65495020,65495020,45,45,16560963,,1790923204
MuscularMan,10,1154,139,139,139,139,18197876,18197876,36,36,18197876,,1790923207
Museum,11,1485,1780,1779,1790,1789,246794436,246794105,17,17,13265203,1675,1790923211
Musicly,13,2007,860,857,860,857,40427955,40427102,16,15,13044241,,1790923214
Mvp Scrub,10,1320,1715,1715,1715,1715,83519551,83519385,89,89,29287730,1380,1790923218
My 9hp,9,1020,614,615,614,615,3546051,3546185,61,61,1924890,,1790923222
My Own Prism,10,1167,1140,1140,1140,1140,36356146,36356133,53,53,580941,850,1790923224
my tiny wand,11,1487,2767,2766,2930,2929,2347249632,2347249299,105,105,417703404,8115,1790923225
Myiah,9,1000,2767,2768,2767,2768,430677821,430677975,115,116,100512265,,1790923232
Myskill,10,1178,1267,1267,1267,1267,37886135,37886111,15,15,13049787,,1790923235
N e O n e,10,1158,651,651,651,651,18366067,18366063,69,69,13051388,,1790923238
n3ver die 2,12,1768,672,670,672,670,38691252,38690638,67,66,12245868,,1790923241
Naiked,9,1007,2405,2406,2442,2443,917126227,917126374,73,73,152608857,4095,1790923243
Name Loobies,10,1154,291,291,291,291,27644150,27644150,68,68,16042583,225,1790923244
Nano Maghda,10,1154,670,670,670,670,31658757,31658757,67,67,30142715,780,1790923246
napalisuatro,10,1194,491,491,491,491,2380529,2380489,52,52,2150167,355,1790923247
Natatra,10,1163,1733,1733,1733,1733,73983371,73983362,106,106,44684467,1330,1790923249
Nateel OSAAT,10,1154,922,922,923,923,141902626,141902626,67,67,13041171,1190,1790923250
Naughtyy,10,1154,120,120,120,120,2891359,2891359,56,56,2891296,,1790923255
Ne zu Ko,10,1337,2239,2239,2242,2242,254996079,254995896,74,74,5561067,,1790923259
Necratious,11,1574,2916,2915,2935,2934,770235835,770235415,120,120,121365146,15580,1790923260
Necrautic,9,1116,2222,2223,2223,2224,315714476,315714514,118,119,113289970,1865,1790923262
Necro Monki,10,1270,2169,2169,2188,2188,739577347,739577231,90,90,181027475,,1790923267
Necroymancer,10,1154,2333,2333,2347,2347,1035972981,1035972981,80,80,381891687,3425,1790923268
necrozaeus,10,1161,1432,1432,1432,1432,86947794,86947787,67,67,13873712,1140,1790923270
Nekonyancy,10,1154,157,157,157,157,126987949,126987949,80,80,126987949,230,1790923271
Neno Skills,10,1154,1985,1985,2008,2008,313680811,313680811,27,27,55250683,2655,1790923275
Nephograph,10,1178,2240,2240,2240,2240,141546603,141546579,95,95,22882558,,1790923278
Nerclone,10,1154,1571,1571,1579,1579,119045772,119045772,27,27,43201323,1130,1790923279
Ni HP,9,1015,2194,2195,2235,2236,829278323,829278462,27,28,161543875,,1790923283
Ninth Doctor,10,1162,2041,2041,2044,2044,231096473,231096465,63,63,1777699,,1790923286
No Charm,10,1154,2211,2211,2284,2284,1040352861,1040352861,17,17,200001571,6615,1790923288
No Charms,10,1154,1572,1572,1582,1582,230041572,230041572,15,15,38370336,,1790923293
No HP Def,10,1154,199,199,199,199,2421719,2421719,23,23,2135856,,1790923296
Nolife Nancy,10,1166,2218,2218,2279,2279,1018826488,1018826476,27,27,104449204,1700,1790923298
nooby prayer,10,1243,1964,1964,1993,1993,304028337,304028248,15,15,74216457,2750,1790923299
Northskills,12,1782,1008,1006,1008,1006,16316388,16315760,66,65,4916866,,1790923303
Not Maghda,10,1154,878,878,878,878,49635523,49635523,96,96,41839176,1075,1790923305
Not Propr,10,1205,894,894,895,895,23683841,23683790,11,11,323765,,1790923309
Not Too Far,11,1391,2561,2560,2581,2580,481906752,481906515,116,116,87188098,4315,1790923315
Notsurealt,10,1154,1191,1191,1191,1191,20715130,20715130,12,12,822013,,1790923318
Novitae,9,1000,718,719,718,719,30814349,30814503,66,67,27104833,,1790923322
Nowadays,10,1229,2294,2294,2334,2334,1178482464,1178482389,15,15,20904479,5670,1790923323
Nppb,10,1223,1483,1483,1483,1483,98339957,98339888,14,14,6000644,1915,1790923324
Nuageux,10,1166,849,849,849,849,6920779,6920767,12,12,1267768,,1790923329
Nubletz,10,1256,1494,1494,1494,1494,94407403,94407301,16,16,13094757,,1790923332
Number 2027,10,1154,656,656,656,656,2764103,2764103,68,68,1412644,,1790923336
nzcody,10,1159,1536,1536,1536,1536,167148349,167148344,67,67,13194406,1780,1790923337
O A tree,10,1157,1574,1574,1574,1574,55828541,55828538,27,27,23530582,1935,1790923339
oare,10,1160,2153,2153,2157,2157,245918480,245918474,72,72,29185068,,1790923342
Occasional69,15,2699,1140,1135,1140,1135,153054295,153052750,49,48,6021011,,1790923345
Oceanic Wolf,10,1258,2551,2551,2572,2572,573467824,573467720,67,67,54979398,4675,1790923346
Ocgarulee,10,1170,243,243,243,243,134647562,134647546,101,101,134646865,215,1790923348
of 10HP,10,1154,1405,1405,1405,1405,17848812,17848812,68,68,3979832,,1790923353
of 9HP,9,1000,731,732,731,732,14256667,14256821,68,69,13778819,,1790923356
of Ares,10,1179,1497,1497,1497,1497,50980754,50980729,43,43,403553,2000,1790923357
Of Niflheimr,10,1158,1295,1295,1296,1296,313911795,313911791,81,81,117733417,1335,1790923359
Oftentimes,10,1154,932,932,942,942,162890006,162890006,15,15,14388770,,1790923363
Oh Noes 10Hp,10,1295,1914,1914,1915,1915,89913531,89913390,80,80,3935059,1965,1790923367
Old Shogun,10,1224,1640,1640,1640,1640,106686830,106686760,36,36,21629545,1530,1790923369
Oline Dillo,10,1154,314,314,314,314,11676159,11676159,62,62,6550914,,1790923375
Ollie Yay,14,2231,448,444,448,444,2993253,2992176,61,60,2880271,,1790923378
omeni,9,1000,2889,2890,2932,2933,979912645,979912799,120,120,146802854,12175,1790923380
Omeni II,9,1032,1233,1234,1233,1234,26058637,26058759,70,70,2866071,,1790923383
Omfgholycrap,11,1455,1112,1111,1121,1120,56722731,56722430,15,14,2721917,765,1790923385
Omg W55,10,1154,483,483,483,483,2469402,2469402,51,51,1293978,340,1790923386
omxrta,10,1154,141,141,141,141,16897145,16897145,68,68,16896904,,1790923390
on taas,10,1154,1421,1421,1422,1422,68929101,68929101,87,87,49106145,1460,1790923392
oneehitta,10,1308,885,885,885,885,25852952,25852798,56,56,2282382,,1790923395
Ongelukkig,10,1313,1234,1234,1234,1234,43832618,43832459,16,16,13044886,920,1790923399
Oni Asbestos,10,1154,1535,1535,1535,1535,82552960,82552960,75,75,46043757,,1790923402
OniiFan,10,1162,2137,2137,2142,2142,552288696,552288688,15,15,15057273,,1790923406
Only 9Hp,9,1048,3077,3078,3281,3282,3945577393,3945577499,129,129,715409588,5605,1790923407
Only French,10,1154,1617,1617,1617,1617,68356316,68356316,67,67,54572733,1295,1790923415
Only Hatred,10,1213,776,776,776,776,36683673,36683614,12,12,1523618,595,1790923416
Only9HP,9,1000,1681,1682,1681,1682,47500352,47500506,76,76,3912360,,1790923420
OnlyRitualz,10,1173,314,314,314,314,81300456,81300437,78,78,80039102,,1790923423
Oops 99 Pray,10,1154,1533,1533,1535,1535,122762064,122762064,15,15,8131109,,1790923429
Ophidean,10,1154,1964,1964,1975,1975,247278820,247278820,27,27,25614500,,1790923432
OrnateTortle,10,1341,2352,2352,2567,2567,3569060494,3569060307,15,15,200001221,5790,1790923434
OS MVTTRESS,10,1154,141,141,141,141,12469740,12469740,15,15,12469082,,1790923437
OSAAT Goober,10,1304,1718,1718,1730,1730,306635224,306635074,67,67,13041413,2850,1790923439
osb prayer,10,1154,1189,1189,1189,1189,23565221,23565221,11,11,606066,,1790923445
OSRS S0L0,10,1225,1557,1557,1557,1557,67114104,67114033,41,41,15195279,,1790923449
Otter Space,10,1308,1924,1924,1924,1924,81843896,81843742,69,69,1854442,,1790923452
Otto Mo Biel,10,1176,811,811,811,811,33181941,33181919,67,67,15789916,,1790923455
OuchHelper,11,1423,848,847,848,847,18908529,18908260,58,57,2480885,1115,1790923459
Ougly Boogly,10,1154,1995,1995,1998,1998,317899837,317899837,15,15,13981960,,1790923462
Ox snoopy xO,10,1154,1059,1059,1059,1059,16774112,16774112,71,71,9725539,,1790923467
oy ya,10,1154,2002,2002,2014,2014,456966051,456966051,16,16,13170258,2490,1790923475
P R A Y D,10,1162,1101,1101,1101,1101,43586327,43586319,67,67,13196630,,1790923478
PacifistMoth,10,1154,288,288,288,288,2322765,2322765,32,32,2223106,,1790923482
Pamiina,15,2477,1288,1283,1327,1322,551052196,551050873,18,16,7954826,1425,1790923483
Papa Drumgun,15,2542,1689,1684,1710,1705,182244783,182243395,71,70,6985264,,1790923488
Paper duck,10,1155,2236,2236,2328,2328,1223846730,1223846729,15,15,104982658,4545,1790923490
Partly Slow,9,1052,1999,2000,2003,2004,268991008,268991110,13,14,4007360,4515,1790923491
Peaceful Ali,10,1154,976,976,976,976,42927353,42927353,15,15,13036034,,1790923495
Peachy Kleen,10,1187,2190,2190,2195,2195,671829411,671829378,15,15,13674445,,1790923498
pepe ez 999x,10,1268,351,351,372,372,122995761,122995647,15,15,104366416,360,1790923499
Pepsi Bear4U,10,1154,369,369,369,369,3037489,3037489,28,28,2464663,,1790923502
Percivalde,13,1849,587,584,587,584,6647377,6646682,19,18,2050621,330,1790923504
Pernicis,10,1354,2338,2338,2489,2489,2627834282,2627834082,16,16,200001514,10235,1790923505
Pernicis V,10,1159,1562,1562,1579,1579,119348445,119348440,15,15,77155405,,1790923510
Pernicis v1,10,1230,2311,2311,2364,2364,966516854,966516778,27,27,126867509,6760,1790923512
Pernicis v2,10,1154,1029,1029,1029,1029,25585586,25585586,15,15,8852604,,1790923515
pet,10,1185,3096,3096,3343,3343,4533531512,4533531481,129,129,708870511,8915,1790923516
Phaded,10,1181,1043,1043,1043,1043,23740617,23740590,23,23,13817440,,1790923520
Phaimos,10,1154,301,301,301,301,23780360,23780360,69,69,19139932,210,1790923521
Pillowcase,10,1154,1823,1823,1874,1874,469368694,469368694,15,15,26851411,1685,1790923524
Pinkki Hattu,10,1164,1939,1939,1973,1973,401337412,401337402,27,27,30219493,,1790923527
Pioc,10,1168,1628,1628,1628,1628,76975809,76975795,15,15,11034476,3470,1790923532
pippelipenis,10,1166,2787,2787,2793,2793,474304132,474304120,116,116,105557988,3590,1790923533
Piranesi,10,1202,1989,1989,1991,1991,324933730,324933682,15,15,14775607,3360,1790923535
Pixel bones,10,1183,1744,1744,1745,1745,158322943,158322914,17,17,14436819,1555,1790923536
pknuckle20,10,1212,234,234,234,234,18774638,18774580,46,46,18774018,,1790167572
ploppers rs,10,1308,2067,2067,2079,2079,303804867,303804713,24,24,14447350,3500,1790923540
Plow Crow,10,1164,1091,1091,1091,1091,102125267,102125257,76,76,55472934,,1790923546
Plz Lagg,10,1338,1322,1322,1322,1322,32451170,32450986,36,36,6022133,,1790923549
Pocket Cucco,10,1178,2898,2898,2965,2965,1379294156,1379294132,124,124,302352435,,1790923552
Poignant,10,1210,1603,1603,1603,1603,41330964,41330908,50,50,239933,1710,1790923555
Poky,10,1351,1893,1893,1894,1894,149595448,149595251,27,27,17205565,,1790923558
Poms,10,1154,2770,2770,2974,2974,2524127189,2524127189,95,95,134326438,9140,1790923559
Poor Living,10,1173,835,835,835,835,2624965,2624946,48,48,428727,1580,1790923561
Powerhouse,10,1300,3143,3143,3400,3400,5600001300,5600001154,129,129,1600001154,13265,1790923562
Pray 4cash,10,1154,382,382,384,384,19173829,19173829,15,15,16107721,,1790923566
Pray Destiny,10,1221,1785,1785,1793,1793,231605339,231605272,15,15,14343528,,1790923570
Pray Dream,10,1154,777,777,787,787,168234315,168234315,15,15,13044574,,1790923574
Pray Early,10,1154,1876,1876,1878,1878,116718674,116718674,61,61,15645307,1815,1790923575
Pray xp,10,1154,136,136,136,136,13035947,13035947,15,15,13035947,,1790148025
Prayer queen,10,1168,500,500,500,500,14177707,14177693,15,15,13264318,,1790923581
Prayer Smexy,10,1213,571,571,571,571,15825553,15825494,15,15,13036665,,1790923585
PrayerVibes,10,1154,2183,2183,2232,2232,681380354,681380354,19,19,139011409,2515,1790923587
PrayForLoots,10,1154,1408,1408,1408,1408,87019260,87019260,54,54,1936047,1365,1790923590
PrayForMee,10,1185,1990,1990,2023,2023,528856928,528856897,17,17,51672293,2280,1790923591
Priestessies,10,1155,272,272,272,272,14304048,14304047,76,76,14262263,,1790923594
Pro novato,10,1171,1912,1912,1933,1933,268280259,268280242,19,19,104549076,2390,1790923596
Pumpyyyy,10,1154,240,240,242,242,17222617,17222617,15,15,16426683,,1790923604
Punsch,10,1154,1606,1606,1606,1606,59813949,59813949,35,35,13153044,1760,1790923605
puny armor,10,1154,126,126,126,126,5301294,5301294,25,25,5301294,,1790923609
Pure F,11,1377,2368,2367,2392,2391,710773677,710773454,93,93,214192009,2670,1790923611
Pure Fishing,10,1154,327,327,341,341,75136293,75136293,33,33,9585637,,1790923614
Pure Rain,10,1222,1306,1306,1306,1306,46165366,46165298,67,67,29113028,,1790923618
Pure Str Is,10,1166,1064,1064,1064,1064,41286509,41286497,30,30,2953750,,1790923622
Purranoid,10,1154,2555,2555,2555,2555,432929183,432929183,108,108,32183938,3150,1790923624
Puthaw,10,1154,586,586,607,607,114494647,114494647,15,15,104274470,,1790923627
PvM Zombie,10,1195,901,901,901,901,17528435,17528394,62,62,1830984,725,1790923630
PvPs,10,1284,1420,1420,1420,1420,112366195,112366065,16,16,13092806,1220,1790923634
Pway,10,1161,2057,2057,2074,2074,378983329,378983322,15,15,22715830,2420,1790923635
Qinosaur,10,1156,1742,1742,1742,1742,117967867,117967865,30,30,8018003,2245,1790923637
R o y,10,1154,2345,2345,2560,2560,3770565756,3770565756,15,15,200001154,6750,1790923640
R0seland,13,2077,602,599,602,599,2068164,2067241,50,49,1613103,,1790923644
R3v Mag3r,11,1374,870,869,870,869,17017381,17017161,82,82,15221468,,1790923647
Rackades,10,1356,1185,1185,1185,1185,34986563,34986361,83,83,26650138,1745,1790923648
Rad Jr,10,1154,1741,1741,1741,1741,123016714,123016714,21,21,13127285,,1790923652
Railyards,10,1154,421,421,421,421,45034105,45034105,67,67,26872611,,1790923655
Ramlajh,10,1339,2346,2346,2357,2357,254042365,254042180,89,89,7341661,4240,1790923656
rAND0MIH3RO,10,1154,320,320,320,320,29597765,29597765,69,69,18623624,170,1790923658
rAND0MIHERO3,10,1154,402,402,402,402,54761427,54761427,71,71,27103024,225,1790923659
rAND0MIHERO4,10,1154,349,349,349,349,44975939,44975939,70,70,22760531,200,1790923660
Rangedston,10,1154,1263,1263,1263,1263,30224396,30224396,67,67,13067324,,1790923665
Rare Unit,9,1104,155,156,155,156,1257412,1257462,52,52,1245926,130,1790923666
RareSkillerJ,10,1157,1549,1549,1549,1549,96179420,96179417,15,15,13050113,,1790923669
Raw Dog,11,1443,2617,2616,2618,2617,474057625,474057336,104,103,26877455,,1790923674
Rciky,10,1171,2294,2294,2375,2375,1464604914,1464604897,42,42,200001154,5060,1790923675
redemjam,10,1163,1520,1520,1520,1520,25663995,25663986,68,68,1412581,,1790923681
Remain 10HP,10,1310,2996,2996,3148,3148,2244618593,2244618437,129,129,334195908,3980,1790923683
ResQ,11,1403,2503,2502,2548,2547,845890845,845890596,102,102,150089383,,1790923686
Ribbut,10,1197,2267,2267,2267,2267,157206207,157206164,94,94,11625538,4160,1790923688
Risake,11,1467,1269,1268,1269,1268,26863532,26863219,32,32,2605355,,1790923691
Risharia,10,1154,1268,1268,1270,1270,80700363,80700363,56,56,2727046,1070,1790923694
Rolosaur,10,1154,1613,1613,1614,1614,149679197,149679197,13,13,170147,1590,1790923695
Roolicious,10,1154,2318,2318,2495,2495,3042272935,3042272935,15,15,200001156,5680,1790923697
Royal Navy,10,1192,2005,2005,2009,2009,246152829,246152791,69,69,33264454,,1790923703
RShoo,10,1171,2941,2941,2990,2990,1148482663,1148482646,129,129,288507587,3300,1790923705
Runecraft,10,1154,1046,1046,1046,1046,27016543,27016543,13,13,3592770,760,1790923709
RuniteTrucks,10,1154,250,250,252,252,50835998,50835998,30,30,3596970,,1790923713
Runningamuck,10,1266,1120,1120,1122,1122,44932694,44932582,97,97,19666876,1215,1790923715
Rusty Romeo,9,1054,2245,2246,2245,2246,139605964,139606064,94,94,10938077,8415,1790923716
RuueScape,10,1154,1346,1346,1346,1346,141537781,141537781,72,72,62661213,,1790923723
RyanWilliams,9,1000,876,877,876,877,56628967,56629121,84,84,28841167,705,1790923724
ryeora,10,1158,1767,1767,1773,1773,221272999,221272995,88,88,32659224,,1790923727
Ryleighhhh,10,1154,1511,1511,1532,1532,176779162,176779162,27,27,105269292,,1790923730
Rysn,10,1170,2449,2449,2461,2461,860168306,860168290,80,80,15847496,7540,1790923731
Ryuichina,10,1348,165,165,165,165,7288427,7288233,33,33,7282489,,1790923735
Ryuu Lover,10,1154,314,314,314,314,18267815,18267815,15,15,13041065,,1790923740
S E E K 10HP,10,1154,1128,1128,1128,1128,24198539,24198539,46,46,1463315,795,1790923742
S-mx,9,1000,1531,1532,1531,1532,31452792,31452946,64,64,3068255,1315,1790923743
S0C,10,1154,3143,3143,3372,3372,2916143729,2916143729,129,129,834909394,3650,1790923744
Salty Ubi,10,1208,1097,1097,1097,1097,53304657,53304603,35,35,13298683,955,1790923746
sat8n,10,1154,1336,1336,1336,1336,28862446,28862446,24,24,9269985,925,1790923751
SavageDaFool,10,1158,592,592,592,592,27598831,27598827,14,14,6663473,,1790923754
SavSinner,10,1187,1666,1666,1666,1666,120387453,120387420,79,79,28022566,1920,1790923756
Scenty,10,1154,1056,1056,1056,1056,141971423,141971423,73,73,16175145,,1790923759
Scim10t4r,10,1164,517,517,517,517,52706019,52706009,87,87,17884308,,1790923765
ScoobyLvl15,10,1154,1035,1035,1038,1038,26484811,26484811,15,15,18310433,,1790923768
Seek Prayer,10,1308,1895,1895,1901,1901,187936843,187936689,15,15,13617796,,1790923772
Sei the Lion,10,1154,484,484,484,484,15237905,15237905,35,35,13052640,340,1790923774
Sem Rai,15,2615,2189,2184,2203,2198,531322248,531320787,28,27,13056513,,1790923778
Senseh,10,1174,1597,1597,1597,1597,97375320,97375300,16,16,13062466,,1790923781
SgtPrayaa,10,1154,570,570,570,570,4812704,4812704,13,13,2123337,,1790923787
Shadow FSOA,10,1154,293,293,293,293,5783512,5783512,58,58,3759573,,1790923790
shaggy711,10,1157,1113,1113,1113,1113,78588708,78588705,59,59,4038860,905,1790923793
Shamaner,11,1557,2206,2205,2206,2205,240144482,240144079,75,75,25991328,3145,1790923794
Shanegood1,10,1154,1437,1437,1437,1437,115946958,115946958,15,15,13058046,,1790923798
Shark Arrows,10,1154,141,141,141,141,22273957,22273957,70,70,22273957,130,1790923799
Shark Protec,10,1154,131,131,131,131,8524297,8524297,26,26,8524297,,1790923805
Shark Stronk,10,1154,141,141,141,141,21428949,21428949,36,36,21428949,130,1790923806
sheldon188,10,1204,2353,2353,2547,2547,2330571910,2330571860,35,35,13101303,4060,1790923808
Shiny YXK,10,1154,598,598,598,598,7278349,7278349,29,29,2631160,,1790923814
Shroom Bar,10,1154,2132,2132,2155,2155,314678000,314678000,55,55,120281224,2030,1790923815
shy and cute,10,1254,644,644,644,644,211003564,211003464,82,82,200003318,495,1790923817
ShyPiglet,10,1154,1845,1845,1846,1846,171599975,171599975,15,15,15413244,2110,1790923818
SI7,10,1202,795,795,795,795,9742762,9742714,53,53,1308041,700,1790923823
SIayin,10,1154,1741,1741,1741,1741,199104067,199104067,78,78,22106996,1535,1790923825
sillydough,15,2727,341,336,341,336,2314756,2313183,28,27,1337169,260,1790923826
SimplyWiggle,10,1191,2239,2239,2263,2263,553927910,553927873,27,27,117788240,2840,1790923828
Sin To Alch,10,1283,1176,1176,1195,1195,302126419,302126290,76,76,55494784,,1790923831
Sir Wall Ace,10,1172,2269,2269,2312,2312,1057219407,1057219389,25,25,5356715,5810,1790923832
Siraxta,10,1205,2333,2333,2334,2334,203620922,203620871,103,103,17454650,,1790923836
SirVival,13,1894,2071,2068,2111,2108,466336868,466336128,23,23,104325241,1785,1790923837
Sitwick,10,1154,437,437,437,437,20165085,20165085,74,74,16041552,,1790923846
Skiez jr,10,1155,1318,1318,1318,1318,13740702,13740701,50,50,357741,,1790923849
SkillBandit,10,1154,2352,2352,2564,2564,3125020690,3125020690,15,15,116472246,5755,1790923851
SkillDefense,10,1166,1922,1922,1951,1951,343838849,343838837,40,40,117467771,2700,1790923852
Skilling It,10,1154,2351,2351,2564,2564,3102501217,3102501217,15,15,140019111,6020,1790923853
SkillyNomad2,11,1569,656,655,656,655,3996600,3996185,56,56,2816940,,1790923860
Skkyyy,10,1206,1614,1614,1628,1628,163466968,163466916,14,14,5353725,,1790923863
SkyesSkiller,10,1154,2258,2258,2313,2313,1055003566,1055003566,15,15,62945913,1990,1790923865
Sl0wNSteady,10,1154,861,861,861,861,17560036,17560036,61,61,5625841,640,1790923867
Slayer200m,10,1154,2347,2347,2533,2533,3253787844,3253787844,15,15,24962354,5510,1790923868
sleds,9,1017,2281,2282,2293,2294,655008280,655008417,68,69,19841402,4080,1790923870
Slimeland,10,1162,1083,1083,1094,1094,74484128,74484120,30,30,2676105,,1790923876
Smithing 101,10,1154,379,379,379,379,5763884,5763884,23,23,1936350,,1790923881
Smokeyleaf69,10,1164,1940,1940,1955,1955,410288609,410288599,15,15,22774053,,1790923885
smol Druid,10,1159,1680,1680,1700,1700,185939489,185939484,88,88,100560101,1870,1790923886
SNHU,10,1154,1224,1224,1229,1229,30319766,30319766,27,27,22292294,,1790923889
Snipour,10,1154,916,916,916,916,23585914,23585914,57,57,4633544,590,1790923891
So Close,14,2263,2946,2942,3026,3022,1496126529,1496125420,122,121,135679808,4885,1790923893
Socials,10,1154,2373,2373,2567,2567,4200001163,4200001163,80,80,200001163,6095,1790923894
Soed,10,1166,1018,1018,1018,1018,10559824,10559812,23,23,1991096,,1790923898
soft loves,11,1525,798,797,798,797,227984876,227984505,82,82,200001719,520,1790923899
Sokolls Noob,10,1219,1690,1690,1690,1690,57400353,57400288,106,106,28056533,1245,1790923900
Solely Alch,10,1178,1054,1054,1054,1054,9458253,9458229,54,54,2974919,1430,1790923902
sonicfront,13,1984,275,272,275,272,4403008,4402178,63,62,4389497,,1790923911
Sonnemutter,10,1154,803,803,803,803,2519864,2519864,9,9,123309,,1790923914
SortedByAHat,9,1067,1407,1408,1407,1408,14935080,14935167,76,76,7402431,,1790923918
Souls R us,10,1212,1994,1994,2101,2101,2159107913,2159107855,15,15,200001331,2680,1790923919
Spaceling,10,1314,2150,2150,2204,2204,704167225,704167065,27,27,104670734,4095,1790923921
Speciality,10,1357,2744,2744,2768,2768,692344710,692344507,118,118,104427008,,1790923925
Spectral Elf,10,1154,361,361,361,361,36814862,36814862,72,72,2874085,,1790923928
Speedruns,10,1199,3143,3143,3400,3400,5600001199,5600001154,129,129,1600001154,26110,1790923929
Spirit Osaat,10,1158,689,689,689,689,75586922,75586918,82,82,47106664,,1790923935
SplintSkillz,10,1154,793,793,793,793,10058280,10058280,13,13,1267238,,1790923940
Squee,10,1154,2905,2905,2944,2944,1080311935,1080311935,116,116,131512399,9885,1790923942
SquigglesLOL,10,1331,1942,1942,1966,1966,394149884,394149707,9,9,142814,2715,1790923943
Sr Apolo V,10,1154,524,524,524,524,29178213,29178213,15,15,10760633,410,1790923947
Srry Android,10,1166,1109,1109,1109,1109,30301042,30301030,21,21,1070959,990,1790923950
st luxe,10,1154,2326,2326,2403,2403,897195385,897195385,105,105,359637141,4190,1790923952
Stable Value,10,1154,2170,2170,2209,2209,726182756,726182756,91,91,60691591,3520,1790923953
Stamine,10,1157,1261,1261,1261,1261,17670067,17670064,13,13,3118756,,1790923957
Stefanos,10,1154,1479,1479,1500,1500,228216769,228216769,15,15,106619745,3350,1790923958
Stoic jay,10,1156,642,642,642,642,12974384,12974382,34,34,12081923,,1790923967
Stonespine,10,1154,1932,1932,1932,1932,75100093,75100093,74,74,8462612,,1790923971
StreetBound,12,1745,1037,1035,1037,1035,10701901,10701310,49,49,3533066,830,1790923973
Stress Puffn,10,1154,612,612,612,612,6951752,6951752,13,13,2210691,475,1790923974
stuttering,10,1320,1756,1756,1763,1763,216417262,216417096,18,18,13097476,,1790923978
SugarBeanxo,10,1154,2217,2217,2267,2267,963270226,963270226,15,15,59775903,,1790923984
sukkaphatwun,10,1289,2225,2225,2239,2239,332693832,332693697,52,52,52790391,3435,1790923986
Summ Skiller,10,1250,1337,1337,1337,1337,45408009,45407913,15,15,8280371,,1790923991
Summon Cape,10,1264,2352,2352,2551,2551,2314098997,2314098887,15,15,117046912,6310,1790923993
SummonerKutz,10,1163,1911,1911,1914,1914,188393558,188393549,15,15,18560133,,1790923997
Summoning Xx,10,1163,1595,1595,1596,1596,87226020,87226011,15,15,15048280,2370,1790924001
Summonkeeper,10,1154,437,437,437,437,9242888,9242888,13,13,3127029,380,1790924002
Sun Lightz,10,1165,2439,2439,2513,2513,1513194368,1513194357,72,72,49055649,3760,1790924004
SunMoonStars,10,1155,896,896,896,896,14683547,14683546,54,54,1835521,,1790924007
Super sky19,10,1156,1861,1861,1861,1861,130511129,130511127,26,26,19077905,,1790924011
Super-heated,10,1172,805,805,805,805,59795903,59795885,64,64,9220684,,1790924015
Superbash,10,1154,1005,1005,1015,1015,149971767,149971767,19,19,14200095,645,1790924016
Switzerlands,9,1000,1476,1477,1476,1477,40320681,40320835,90,90,16957634,1360,1790924018
Sympathetic,10,1335,979,979,979,979,18929966,18929785,37,37,17233164,960,1790924019
T E C4,10,1154,419,419,419,419,23776449,23776449,89,89,23523476,,1790924025
t ony,10,1295,2443,2443,2474,2474,542452528,542452387,79,79,66776904,3705,1790924033
T0ken Daily,10,1154,1643,1643,1653,1653,209181081,209181081,76,76,15015124,,1790924039
Ta5h,10,1262,2152,2152,2158,2158,162842920,162842812,79,79,14851562,2445,1790924041
Talene19,10,1154,1696,1696,1696,1696,85218285,85218285,14,14,7106625,,1790924044
Talia,10,1210,2201,2201,2270,2270,1080041865,1080041809,15,15,107074273,2525,1790924045
Tallulah,10,1154,1668,1668,1668,1668,111133850,111133850,25,25,15374614,,1790924048
Tannant Jr,11,1466,859,858,859,858,8034183,8033871,26,26,2577510,,1790924055
Taterz Tot,10,1154,1683,1683,1693,1693,185870290,185870290,70,70,3278371,1425,1790924057
TaxThisD1ck,10,1273,961,961,962,962,46715938,46715819,104,104,33172019,,1790924060
Teddy Graham,9,1057,3013,3014,3209,3210,2167325966,2167326063,118,118,305716657,6610,1790924062
Teeny Loss,14,2358,556,552,556,552,5396965,5395761,34,33,5161654,,1790924065
Telle Smith,10,1163,2378,2378,2427,2427,949324034,949324025,92,92,100740047,5225,1790924066
Tere Skills,10,1243,1398,1398,1402,1402,175737168,175737079,79,79,26863082,1995,1790924073
Testy Romeo2,9,1000,1566,1567,1566,1567,42502312,42502466,43,43,365053,,1790924077
The 9hp Main,9,1142,2830,2831,2830,2831,527571135,527571147,115,116,104817719,,1790924081
The A row,10,1154,631,631,631,631,55283905,55283905,76,76,54638327,,1790924090
The Air Vent,10,1211,701,701,701,701,54202487,54202430,70,70,22749649,,1790924094
The Big Butt,10,1154,2130,2130,2131,2131,403283459,403283459,80,80,274919147,1985,1790924097
The Dawk,10,1177,316,316,316,316,1108724,1108701,52,52,650916,245,1790924099
The Enduring,10,1221,2161,2161,2174,2174,474384682,474384615,44,44,28324792,2945,1790924103
The Owner25,13,1994,1497,1494,1497,1494,29629939,29629099,60,59,5951744,,1790924107
the rotty,10,1154,2198,2198,2261,2261,912005381,912005381,15,15,104275783,,1790924111
the Sleigher,10,1183,1453,1453,1453,1453,153587322,153587293,52,52,39683457,1085,1790924112
ThePiill,10,1312,368,368,368,368,7401633,7401475,61,61,5791780,,1790924117
Third Age Ty,10,1163,200,200,202,202,17404482,17404473,31,31,17404473,,1790924125
Threebirds,10,1154,1637,1637,1637,1637,75607371,75607371,13,13,2269121,1485,1790924129
ThuggieDutch,10,1263,2829,2829,2901,2901,1601984158,1601984049,122,122,102699000,7025,1790924130
Tikki Wee,11,1432,1527,1526,1527,1526,28989010,28988732,61,61,1191517,,1790924135
Tinasaur Rex,10,1197,2330,2330,2382,2382,1137257797,1137257754,27,27,40409823,5065,1790924137
Tiny Sidisi,10,1173,2196,2196,2266,2266,873103454,873103435,15,15,107500566,,1790924141
tite grosse,10,1160,1308,1308,1337,1337,300512640,300512634,15,15,25389604,,1790924144
Tohsaka,10,1154,1454,1454,1468,1468,106975481,106975481,15,15,53363096,1345,1790924146
Tokkul Shell,11,1507,1630,1629,1630,1629,44399514,44399161,101,101,17684564,1970,1790924155
Tongues,10,1154,211,211,211,211,28757996,28757996,37,37,28753481,305,1790924156
Tonguestin,10,1154,215,215,215,215,59128654,59128654,76,76,58691200,,1790924163
Tools Help,10,1356,974,974,974,974,15270903,15270701,66,66,3238947,,1790924167
torches42,15,2504,958,953,958,953,27436586,27435236,25,24,2511993,,1790924170
Tosei-Gusoku,10,1228,1161,1161,1161,1161,24064382,24064308,21,21,399658,,1790924174
Touka5623,10,1212,2346,2346,2381,2381,454843034,454842976,83,83,21108100,3600,1790924176
Toyoil,10,1222,2786,2786,2825,2825,973167975,973167907,117,117,94959525,,1790924185
TrampMan69,10,1352,580,580,580,580,9074592,9074394,58,58,1704283,,1790924189
Trash Gang,10,1154,961,961,961,961,15662169,15662169,14,14,7003447,,1790924192
Trinketer,10,1154,1669,1669,1669,1669,115105745,115105745,13,13,2119265,,1790924198
Triste Jr,10,1255,1588,1588,1588,1588,46394546,46394445,60,60,1469546,,1790924201
TrollinEndo,10,1174,892,892,892,892,10352524,10352504,66,66,5930532,585,1790924202
True Hoarder,10,1154,1658,1658,1680,1680,318736626,318736626,26,26,21533258,,1790924206
True Prayer,10,1154,2307,2307,2393,2393,1418551570,1418551570,15,15,117032709,4800,1790924208
True Skills,10,1154,512,512,512,512,17119275,17119275,15,15,13035604,,1790924216
tt kat,10,1266,1133,1133,1133,1133,32372535,32372423,38,38,168833,,1790924220
tttomm,10,1154,1651,1651,1651,1651,72865389,72865389,15,15,13748822,,1790924225
Tverking,10,1154,1560,1560,1581,1581,680054136,680054136,80,80,185041497,1510,1790924226
twin slaves1,10,1236,377,377,377,377,6952281,6952199,55,55,2067900,325,1790924227
twin slaves2,10,1154,369,369,369,369,4647348,4647348,55,55,2103370,310,1790924229
twin slaves3,10,1154,364,364,364,364,4404141,4404141,55,55,2031097,290,1790924230
twin slaves4,10,1154,358,358,358,358,3354761,3354761,55,55,2042289,295,1790924231
twin slaves5,10,1154,308,308,308,308,3897230,3897230,54,54,2133668,270,1790924233
Twirled,10,1154,2350,2350,2422,2422,1225725396,1225725396,85,85,43517936,3360,1790924234
Two Sails,10,1154,1870,1870,1870,1870,206276077,206276077,35,35,16304971,3190,1790924236
twofourer,10,1184,264,264,264,264,1456134,1456104,35,35,1413795,,1790924245
TXMAS 369,11,1443,314,313,314,313,1872787,1872498,54,54,1647115,,1790924250
Tyck,10,1297,286,286,286,286,16467692,16467549,66,66,12686931,,1790924254
TzHaar Cdxx,10,1171,469,469,469,469,39385145,39385128,32,32,7017464,485,1790924255
UIMnoob3,10,1243,1199,1199,1199,1199,33959662,33959573,62,62,12541302,1145,1790924257
Ul,9,1069,1675,1676,1675,1676,42810880,42810965,76,77,7028568,1515,1790924258
Undevoted,10,1184,2259,2259,2269,2269,370101289,370101259,61,61,27085444,4270,1790924260
Unfit V,10,1236,455,455,455,455,143204413,143204331,80,80,141805910,495,1790924262
UnhealthyDan,12,1604,992,990,992,990,4884640,4884190,76,76,2040677,,1790924265
Unlucky Dios,10,1172,1954,1954,1957,1957,223645223,223645205,88,88,34939417,1830,1790924266
unspent gold,10,1154,2844,2844,2892,2892,1151437904,1151437904,114,114,97460086,,1790924271
urekiaM,10,1154,2655,2655,2768,2768,1162171204,1162171204,116,116,91753667,,1790924278
UwU n OwO,9,1000,3030,3031,3206,3207,2686568535,2686568689,129,129,703405719,5160,1790924280
V a,10,1278,2308,2308,2312,2312,291893675,291893551,122,122,121067836,2730,1790924281
Vedeeri,10,1231,1313,1313,1322,1322,100630385,100630308,52,52,1378418,1420,1790924286
Verbalisee,10,1203,2327,2327,2403,2403,1259248978,1259248929,28,28,55420652,5140,1790924288
Verwoesting,10,1171,2053,2053,2053,2053,211565830,211565813,53,53,26720652,2025,1790924289
Video Calls,10,1192,1192,1192,1196,1196,176295417,176295379,76,76,25355535,1290,1790924291
Viinalla,10,1154,469,469,469,469,64342713,64342713,38,38,38289523,385,1790924292
Villia,10,1154,371,371,371,371,5247450,5247450,68,68,5049668,,1790924295
Violet Anna,14,2256,1562,1558,1562,1558,31370810,31369708,54,53,525318,2885,1790924296
Vlds,10,1171,2225,2225,2313,2313,1069489231,1069489214,16,16,34755354,3240,1790924298
Void Umbreon,10,1154,1335,1335,1335,1335,50762516,50762516,15,15,13554577,1940,1790924299
w 304,10,1154,677,677,677,677,11460105,11460105,31,31,4492691,,1790924303
W92 Mark,10,1339,2476,2476,2476,2476,277990668,277990483,99,99,28436695,,1790924306
Wahei,9,1000,2098,2099,2098,2099,77305513,77305667,95,96,26412026,,1790924312
Ward Dog 70,12,1600,537,535,537,535,1965363,1964917,24,24,1403220,,1790924316
Waterlilies,10,1154,2388,2388,2476,2476,1491638196,1491638196,28,28,170738777,6985,1790924317
Wateven Jr,10,1154,1666,1666,1666,1666,169020619,169020619,13,13,3303605,1245,1790924319
Way Too Far,10,1300,2821,2821,2870,2870,1304490178,1304490032,116,116,92701115,6710,1790924320
Wazz 1,10,1154,1313,1313,1313,1313,187762445,187762445,52,52,26200632,1180,1790924322
WeBackHere,15,2587,520,515,520,515,39864597,39863164,57,56,1713119,400,1790924323
wet milly,10,1154,1880,1880,1880,1880,91968060,91968060,60,60,20710553,1830,1790924324
wetones,10,1223,2269,2269,2329,2329,803862052,803861983,79,79,65733784,3080,1790924326
wfr,10,1154,1366,1366,1366,1366,19363507,19363507,34,34,7510495,1345,1790924327
Whales,10,1154,1650,1650,1650,1650,61608527,61608527,60,60,2356988,1565,1790924336
Whats 10hp,9,1061,532,533,532,533,9022109,9022202,66,66,7726214,,1790924343
Whats 9HP,9,1000,955,956,955,956,5227341,5227495,57,57,1621129,810,1790924345
Who,9,1140,3142,3143,3399,3400,5600001140,5600001154,129,129,1600001154,11270,1790924346
Why Im Lvl 3,10,1154,513,513,525,525,58911311,58911311,15,15,43701772,,1790924350
Wildy Fox,14,2123,2457,2453,2630,2626,2773235110,2773234141,32,31,42254780,,1790924353
Will Profit,10,1178,125,125,125,125,4390975,4390951,14,14,4390922,,1790924356
WinterEspeon,10,1165,1407,1407,1407,1407,82742258,82742247,83,83,37044549,,1790924361
WintreSonnet,10,1181,1493,1493,1495,1495,62994384,62994357,13,13,1812395,1685,1790924367
Wise Old Man,11,1410,2125,2124,2125,2124,162874113,162873857,105,105,26843200,,1790924370
Wise Old So,10,1154,446,446,449,449,87095890,87095890,27,27,18738769,,1790924375
wise old to,10,1154,157,157,157,157,197548909,197548909,42,42,197548909,135,1790924376
Wisped,10,1185,1791,1791,1812,1812,181855236,181855205,42,42,424141,,1790924380
Witch of Sin,10,1154,1003,1003,1010,1010,216830657,216830657,80,80,180934685,805,1790924381
Wizarding,10,1161,2829,2829,2988,2988,1533694436,1533694429,120,120,293644258,5350,1790924385
Wombs,10,1219,1214,1214,1214,1214,21441552,21441487,78,78,7535307,1470,1790924390
Won5,10,1169,2065,2065,2071,2071,283127978,283127963,15,15,13211936,2155,1790924392
Wonki,10,1154,1051,1051,1061,1061,139504259,139504259,56,56,2722159,,1790924396
Woobands,10,1154,1184,1184,1184,1184,28947818,28947818,33,33,4256401,,1790924402
Wood Shop,10,1182,2273,2273,2332,2332,1139104304,1139104276,15,15,21751207,4440,1790924405
Woofs,9,1000,1191,1192,1191,1192,67745722,67745876,78,78,51512873,1340,1790924407
WV 1,10,1195,1001,1001,1012,1012,45852385,45852344,33,33,620542,,1790924412
Wzyv,12,1628,1362,1360,1362,1360,39841891,39841417,11,10,309376,1505,1790924413
x-Maze-x,10,1154,1224,1224,1251,1251,404594448,404594448,65,65,9403254,1140,1790924415
xDz,10,1181,2450,2450,2686,2686,4400001266,4400001239,27,27,400001239,5170,1790924422
Xiaorou,10,1162,1303,1303,1304,1304,50350303,50350295,74,74,4612401,,1790924426
xMagicMintsx,10,1154,985,985,985,985,15660891,15660891,63,63,8018150,830,1790924427
xMagicStickx,10,1154,1106,1106,1127,1127,197541533,197541533,15,15,104353575,905,1790924428
xpWastr,10,1154,955,955,955,955,49581329,49581329,79,79,26108431,710,1790924429
xS1n,10,1347,2012,2012,2012,2012,142564925,142564732,114,114,63961389,,1790924435
Y ur i,9,1008,1506,1507,1510,1511,118288210,118288356,15,15,19372690,,1790924439
Yefuna,10,1154,904,904,904,904,22831301,22831301,68,68,13209769,,1790924442
Yek,10,1204,1172,1172,1172,1172,38108416,38108366,56,56,17483119,795,1790924443
Yes Clue,10,1200,2354,2354,2368,2368,827892803,827892757,27,27,30090906,5310,1790924444
Yew frame,9,1000,1098,1099,1098,1099,10801586,10801740,58,58,2697973,,1790924452
Yigs,10,1154,451,451,451,451,148662947,148662947,105,105,148662920,,1790924455
YoggSothothh,10,1163,1264,1264,1270,1270,302663571,302663562,15,15,16099623,1420,1790924456
Yogi   Bear,9,1150,3061,3062,3201,3202,2004846991,2004846995,129,129,499569055,6340,1790924458
Youngster DK,11,1436,2051,2050,2074,2073,560440912,560440630,73,73,31873060,,1790924461
yum yum 420,10,1164,1662,1662,1663,1663,99287417,99287407,15,15,15771076,,1790924466
z impulse v2,10,1162,1336,1336,1336,1336,13112137,13112129,86,86,5180744,1110,1790924467
Z w a y,10,1154,2071,2071,2072,2072,103733103,103733103,95,95,18660023,,1790924471
Zaethonis,10,1169,626,626,626,626,2493263,2493248,54,54,1805992,,1790924474
Zalesto,10,1155,2450,2450,2686,2686,4400001155,4400001154,27,27,400001154,5880,1790924475
Zamfu,10,1154,297,297,297,297,15301445,15301445,15,15,10518047,,1790924482
Zamorakness,10,1331,943,943,943,943,28244106,28243929,63,63,8398651,,1790924485
Zango VR,10,1201,1862,1862,1874,1874,320868735,320868688,73,73,36233905,,1790924489
Zanima IV,10,1184,2106,2106,2117,2117,300370932,300370902,40,40,14064080,2205,1790924490
Zewts,10,1173,837,837,837,837,28713251,28713232,15,15,13044293,,1790924494
Zhyka,10,1154,1685,1685,1685,1685,109396965,109396965,27,27,13138508,,1790924500
Zimbabweans,10,1154,942,942,942,942,34356720,34356720,54,54,2186908,590,1790924501
Zocci,10,1156,1516,1516,1520,1520,117286033,117286031,15,15,17494721,,1790924505
Zombie Film,10,1216,2255,2255,2256,2256,210819146,210819084,108,108,30093356,,1790924508
Zotty,10,1154,1393,1393,1414,1414,154132579,154132579,15,15,111112265,1175,1790924512
zsc,10,1154,157,157,157,157,200001153,200001153,80,80,200001153,255,1790924513
zSexy,10,1322,881,881,881,881,20953751,20953583,79,79,15169061,550,1790924515
Zumthor,9,1063,2361,2362,2361,2362,214809131,214809222,114,114,71905640,,1790924522
