0 IQ Iron,10,1243,1994,1985,2027,2018,343822879,343821636,27,25.650,117852383,
10 Hp No Lie,10,1258,2637,2628,2788,2779,1129560344,1129559086,91,89.350,272834347,
10 LP,10,1154,1736,1727,1736,1727,42598536,42597382,69,66.800,1472202,1835
100000111111,10,1154,549,540,590,581,342652454,342651300,27,25.650,13474877,
10HP but HC,10,1154,240,231,240,231,969495,968341,4,2.400,1489,
10hp Purist,10,1179,1346,1337,1346,1337,7659453,7658274,69,67.050,1727947,
10HP SPITE,10,1170,1321,1312,1321,1312,9102938,9101768,40,38.200,235404,
10hp to Prif,15,2654,2884,2870,2977,2963,1061992000,1061989346,122,119.050,127681544,18490
11 hpp,11,1494,2531,2521,2600,2590,745038187,745036693,114,111.850,58133022,
111111111131,10,1154,234,225,267,258,243130936,243129782,67,64.850,200000000,
111111111181,10,1154,430,421,472,463,300697884,300696730,67,64.850,144770160,
12une Alt,10,1154,255,246,259,250,221087566,221086412,27,25.650,21086412,
12une Arr0w,10,1195,626,617,632,623,90540652,90539457,59,57.500,26325982,
12une Plate,10,1154,822,813,832,823,123090952,123089798,27,25.650,13296048,620
15CB Tyler,10,1174,2190,2181,2433,2424,1764369531,1764368357,15,13.400,104491484,3050
200m hp Exp,10,1250,1638,1629,1642,1633,104282821,104281571,67,64.850,48392356,2010
3CB,10,1197,2153,2144,2337,2328,1257840549,1257839352,15,13.650,34760162,3185
3rd Sidisi,10,1154,1684,1675,1688,1679,115596185,115595031,13,11.150,2108648,2270
4ussielegend,15,2453,630,616,630,616,1066378,1063925,34,31.400,83232,
516165165133,10,1154,853,844,853,844,3012976,3011822,23,20.900,26031,845
54646546,9,1071,463,455,463,455,1741443,1740372,53,51.900,954860,
5551,10,1154,332,323,395,386,424827419,424826265,67,64.850,310618993,
5ZS,11,1570,1234,1224,1235,1225,57055892,57054322,9,7.000,4971,
810k,10,1154,298,289,302,293,34400421,34399267,19,17.150,450890,
8summonsn0w,10,1355,1720,1711,1724,1715,110037945,110036590,14,11.900,3561063,
8XL,10,1251,2393,2384,2396,2387,282458774,282457523,116,113.850,66524540,1935
9 Hitpoints,10,1281,2810,2801,3176,3167,4028983838,4028982557,116,113.850,375488899,
9 HlTPOlNTS,9,1106,779,771,779,771,16238739,16237633,56,54.150,390782,
9 HP,9,1020,2182,2174,2473,2465,2273422902,2273421882,17,15.900,293179,5165
9 Life Point,9,1000,2188,2180,2218,2210,455136561,455135561,94,92.900,19944371,1895
9 LP,9,1000,1468,1460,1468,1460,17202577,17201577,82,80.300,3303017,1430
912k,10,1154,136,127,136,127,13369624,13368470,27,25.650,13368470,
999999999989,10,1154,528,519,570,561,396937914,396936760,40,37.900,213038169,
9HitPts,9,1151,2613,2605,2628,2620,398336396,398335245,110,108.025,50667044,
9HP Flexy,9,1057,1744,1736,1744,1736,54591514,54590457,65,63.000,2030789,1330
9HP jchusid,9,1000,1667,1659,1667,1659,39895461,39894461,79,77.150,14134373,1390
9HP Keit,9,1091,1710,1702,1710,1702,80186453,80185362,105,103.300,23945236,2235
9Hp Kenny,9,1000,2834,2826,2864,2856,851151602,851150602,115,113.850,94459407,3640
9HP Lexus,9,1000,2533,2525,2594,2586,542376176,542375176,102,100.850,41597322,2470
9HP Lexus SK,9,1000,935,927,935,927,88535296,88534296,56,54.900,587416,575
9HP Skillin,9,1024,1737,1729,1737,1729,116918209,116917185,27,25.400,23470029,
9HPs,9,1000,2839,2831,2878,2870,664833551,664832551,116,114.500,109607630,6535
A bdul,10,1154,1155,1146,1155,1146,35040449,35039295,47,45.350,399981,
A Pure 101,10,1154,1396,1387,1396,1387,115960195,115959041,9,7.400,101564,1060
A Pure 202,10,1154,1310,1301,1325,1316,75252473,75251319,12,9.900,741204,990
A Pyrologist,10,1201,968,959,968,959,31205390,31204189,8,6.400,50580,
Actuality,10,1154,2101,2092,2127,2118,369030034,369028880,15,13.400,19275552,2590
Alaynie v2,9,1127,794,786,794,786,1799635,1798508,32,30.575,190163,995
Alch-mage,10,1154,1778,1769,1799,1790,249324842,249323688,67,64.850,104644129,
Aleece,9,1000,1034,1026,1034,1026,3057913,3056913,56,54.425,1292656,
AlittleGlenn,10,1273,1858,1849,1874,1865,128323378,128322105,72,69.850,2031825,2865
Aloekine,10,1213,2209,2200,2356,2347,1214614916,1214613703,15,13.400,104431464,5840
Aloitus,10,1222,415,406,415,406,13951481,13950259,11,9.300,286141,
Ancients Gal,10,1233,498,489,498,489,637360,636127,37,34.900,298424,
Andi Grammar,9,1000,1230,1222,1230,1222,8903076,8902076,47,45.600,280593,
Andy Grammer,10,1333,2136,2127,2136,2127,139032334,139031001,87,85.000,29642946,2740
ANGELorDEMON,10,1154,204,195,204,195,4628823,4627669,14,11.900,4175416,
Angels Own,10,1195,1635,1626,1645,1636,153825302,153824107,15,13.650,13546976,
Angelsarrow1,10,1219,577,568,577,568,16564277,16563058,13,10.850,285634,
Anne Dimitri,10,1187,2033,2024,2042,2033,276597532,276596345,15,13.400,17718822,
Anvil Joa,10,1162,1327,1318,1327,1318,16129808,16128646,10,8.400,267983,
ARCHAEOL0GY,14,2275,456,443,456,443,5960066,5957791,14,11.050,3390,
Arkemyr,15,2457,1190,1176,1190,1176,4604914,4602457,77,74.400,2605822,
At FM,10,1154,1869,1860,1907,1898,276144173,276143019,79,77.100,57675752,2605
Atroxous,10,1157,1333,1324,1333,1324,5759228,5758071,47,44.900,226830,1465
AustyyRs,10,1154,2193,2184,2281,2272,976743666,976742512,15,13.400,13035637,2200
Automation,10,1164,1415,1406,1418,1409,113703398,113702234,8,6.150,39881,
AzusaRa,10,1199,1911,1902,1911,1902,162896921,162895722,22,20.500,1071024,2260
B abalon,10,1154,230,221,230,221,219214,218060,13,11.500,3866,
Baby Drumgun,10,1154,2096,2087,2181,2172,562426728,562425574,15,13.400,22842944,3870
Barasuishou,10,1154,898,889,911,902,171692696,171691542,71,69.225,60833055,
below xp,10,1154,448,439,449,440,17638815,17637661,15,13.400,14655667,
Beringen,10,1154,1253,1244,1253,1244,31774315,31773161,13,11.150,2086525,960
Beten,10,1157,1898,1889,1929,1920,324122403,324121246,15,13.400,104282706,
Big  Penguin,9,1108,1087,1079,1087,1079,31258553,31257445,79,77.100,26194461,
Big Jiggs,10,1168,1544,1535,1544,1535,100934868,100933700,16,13.900,13075935,
BL00D_3AGL3,10,1187,735,726,735,726,3586107,3584920,9,7.150,90739,620
Blacksmith,9,1125,1871,1863,1871,1863,57217840,57216715,75,73.250,1594164,1980
Blank Pouch,12,1759,268,257,268,257,163285,161526,8,5.400,2938,
Blu2,11,1401,1884,1874,1915,1905,293419518,293418117,16,13.650,14205673,2405
Bob Semple,10,1154,246,237,252,243,27621887,27620733,27,25.650,25300922,
BORO BREATH,10,1323,2248,2239,2344,2335,833039540,833038217,29,26.975,26139972,6200
Boss D J,10,1178,717,708,717,708,9161657,9160479,9,7.650,8291,
braker,10,1154,1544,1535,1544,1535,50524312,50523158,28,26.175,1751732,1970
Brtyl,10,1185,2667,2658,2686,2677,477958695,477957510,125,123.250,138049170,6510
BruteSkillz2,12,1707,1258,1247,1258,1247,57207476,57205769,16,14.050,13044528,
Btu,10,1296,2611,2602,2704,2695,593953183,593951887,107,105.000,37435745,
Bubba buggy,11,1562,1116,1106,1116,1106,17284119,17282557,13,11.200,58385,
bubble gum7,10,1154,566,557,583,574,73546871,73545717,13,11.150,2346366,
Burnt Davis,10,1154,2320,2311,2600,2591,2721687227,2721686073,27,25.650,306869021,7550
Buy Keys,12,1804,1434,1423,1434,1423,15262897,15261093,73,70.450,1306101,
caluxe,10,1154,959,950,959,950,18603896,18602742,7,4.900,14036,
Cares,10,1190,1986,1977,2029,2020,466371328,466370138,15,13.400,26090839,
Chanky_Boie,14,2206,192,179,192,179,38245,36039,15,11.800,3699,
Chaos 12une,10,1154,332,323,344,335,62067274,62066120,67,64.850,20843632,
Chaos Mystic,9,1000,460,452,460,452,6466170,6465170,50,48.500,6210538,620
Charm Cape,10,1154,233,224,233,224,26045584,26044430,15,13.400,13449753,
Charmseeker,10,1154,2138,2129,2235,2226,808582106,808580952,15,13.400,140590340,6435
Cherkov,10,1171,1619,1610,1621,1612,90780904,90779733,28,25.975,26356531,1400
Chrissi,10,1154,2042,2033,2095,2086,501708157,501707003,15,13.400,105331741,
Citadel EXP,10,1154,260,251,260,251,14166011,14164857,14,12.650,7151791,
Citrate,10,1201,2106,2097,2143,2134,492629000,492627799,15,13.400,15971851,4610
Claros,10,1154,221,212,221,212,3535570,3534416,52,49.900,1461878,
Clen Bixby,10,1263,2418,2409,2705,2696,2119920216,2119918953,59,57.500,158650661,7325
Cordious,10,1176,2919,2910,3153,3144,2251957030,2251955854,126,124.250,166227223,11075
Creak,10,1154,1346,1337,1349,1340,49570645,49569491,15,13.400,13071384,1230
CREAMISHH,9,1000,1352,1344,1352,1344,47997184,47996184,25,23.400,5349013,1610
Crodious,10,1203,2810,2801,3281,3272,5400001203,5400000000,116,113.850,1400000000,
Crodious IX,9,1000,1075,1067,1075,1067,3362761,3361761,51,49.200,373709,
Crompouce,10,1343,2913,2904,2948,2939,1033091710,1033090367,119,117.100,206312621,3920
Crushlyre305,10,1255,1680,1671,1694,1685,101288596,101287341,46,44.550,21371058,1545
Cruz3721,11,1433,922,912,922,912,38885701,38884268,13,10.875,769776,
Cut Wood plz,10,1156,1453,1444,1453,1444,132872473,132871317,15,13.400,13151114,
Czc,13,1834,702,690,702,690,15583062,15581228,15,12.500,353139,
D nD,9,1049,2320,2312,2330,2322,175702276,175701227,105,103.600,35289247,4595
Dadevil1616,10,1175,1450,1441,1450,1441,66824112,66822937,11,8.900,386863,
Daily,12,1603,2325,2314,2691,2680,4400002027,4400000424,29,26.625,400000424,8180
Danny Declan,10,1164,1864,1855,1906,1897,552162206,552161042,15,13.400,200000031,1750
Darketomaly,10,1154,2504,2495,2767,2758,2494087312,2494086158,116,113.850,1400000000,3315
Dave grohl,10,1154,1315,1306,1315,1306,16488192,16487038,10,8.650,312436,
DavesAlt,10,1154,1992,1983,2019,2010,174750953,174749799,62,60.000,1881651,2060
DenkHelder,10,1163,714,705,714,705,16204852,16203689,53,51.100,13361654,555
deprincessed,10,1154,2171,2162,2229,2220,798480783,798479629,15,13.400,23787183,4545
divdung,10,1172,1500,1491,1511,1502,71384154,71382982,15,13.400,13081443,
Diversus,10,1212,176,167,176,167,5461647,5460435,61,59.000,5358938,
Divine Nerd,10,1169,1910,1901,1910,1901,61961825,61960656,79,77.500,4376225,2340
DiviVac,10,1154,1350,1341,1364,1355,85498139,85496985,5,2.900,2328,1265
DlVINATlON,14,2175,547,534,547,534,5431410,5429235,13,10.150,3156,510
Double Qpc,10,1180,1536,1527,1543,1534,101779245,101778065,15,13.400,13500182,
Dovah GIM,10,1154,1958,1949,1959,1950,270104211,270103057,36,33.750,262507,3525
Dragonheart,9,1110,2761,2753,2785,2777,745568538,745567428,115,113.850,94660964,5035
Dreigahn,10,1154,1786,1777,1795,1786,126557036,126555882,62,60.450,34515496,
Dugtrio,9,1015,1683,1675,1683,1675,85674241,85673226,91,89.350,54432597,
Dumpsters,10,1154,2655,2646,2783,2774,947762259,947761105,116,113.850,125724010,3635
Durty Slut,10,1191,1479,1470,1479,1470,22010356,22009165,85,83.300,11326058,
Dutske,10,1174,2223,2214,2568,2559,4193383883,4193382709,16,14.050,200000233,5850
Dylans 10hp,10,1154,423,414,423,414,186432,185278,22,20.500,19046,
Ectomancy,9,1047,2877,2869,2880,2872,821743345,821742298,115,113.850,96117283,5115
el 9HP,9,1134,2456,2448,2474,2466,308380149,308379015,108,106.725,47683272,2360
El Smokkez,10,1154,1575,1566,1576,1567,134741100,134739946,27,25.400,23264843,
Elfen Lied,10,1224,2562,2553,2563,2554,303255434,303254210,115,113.350,56650589,
Ellebreyals,10,1171,1561,1552,1570,1561,104637699,104636528,86,84.600,60043672,
Emzo,10,1180,1420,1411,1421,1412,106882604,106881424,15,13.400,13098417,1100
Entrophy,10,1230,1798,1789,1806,1797,76128497,76127267,94,92.650,9154558,1755
Er y,10,1217,2184,2175,2262,2253,794712499,794711282,27,25.650,104304288,5230
Esshounds,10,1154,1557,1548,1578,1569,249313648,249312494,27,25.150,900334,1980
EvilDark,9,1000,1062,1054,1062,1054,51539729,51538729,4,2.400,1374,785
Ezells,10,1281,1222,1213,1222,1213,34100586,34099305,20,18.400,777672,
Ezroni,10,1210,1722,1713,1743,1734,278909026,278907816,15,13.400,200000189,
F-cked up,10,1179,2322,2313,2651,2642,2262460801,2262459622,28,26.300,211653952,3875
f2p construc,10,1154,370,361,370,361,35595284,35594130,55,52.950,13264577,
F2Prayer,10,1154,1227,1218,1227,1218,38100999,38099845,15,13.400,13112952,865
Failed 9HP,11,1484,2073,2063,2073,2063,59329682,59328198,98,96.100,19072613,
FailedGnoc,10,1154,1305,1296,1305,1296,14734799,14733645,13,11.400,2699745,1815
Faithful Guy,10,1259,1593,1584,1627,1618,229264117,229262858,103,100.850,160677803,1490
Farcutblood,10,1182,2091,2082,2246,2237,1019734482,1019733300,15,13.400,18029182,3670
Fe Lippold,10,1154,1100,1091,1100,1091,16478821,16477667,31,28.900,552750,855
Feasty,10,1157,2206,2197,2514,2505,3080247368,3080246211,15,13.400,150572554,4880
Feel No Ways,10,1154,960,951,960,951,16596889,16595735,10,7.900,178960,
Feodor,11,1382,2208,2198,2462,2452,2120383564,2120382182,17,14.800,108647044,10675
Final Days,10,1154,675,666,675,666,1439099,1437945,35,33.150,103558,
Fire Hive,10,1154,2240,2231,2290,2281,514858276,514857122,105,103.100,34392411,2510
Fishdadolaf,9,1000,153,145,153,145,2892863,2891863,17,15.650,2891863,
FishShticks,10,1212,1991,1982,1996,1987,219338697,219337485,26,24.650,19507759,
Flicker,10,1200,2320,2311,2686,2677,3260693146,3260691946,40,37.900,304937457,6320
Formitable,10,1195,2092,2083,2117,2108,425847864,425846669,15,13.400,13252832,1730
Free My S0ul,10,1154,1392,1383,1392,1383,74302692,74301538,49,47.700,1723775,1240
fro,10,1154,2030,2021,2103,2094,580974738,580973584,15,13.400,104273243,2500
Frozen Meth,10,1308,1126,1117,1126,1117,49406419,49405111,15,13.400,13038755,
G sus Skill,13,1997,889,877,889,877,21657547,21655550,12,9.700,8079,650
G u cc i,14,2236,1797,1784,1853,1840,391811922,391809686,20,17.500,13147588,
George 10HP,11,1494,2125,2115,2134,2124,194229060,194227566,115,113.100,53015034,2270
George 9HP,9,1012,1443,1435,1443,1435,29422798,29421786,68,66.700,1808425,
Ghvstly,10,1154,677,668,683,674,41232465,41231311,15,13.400,25388075,570
GIAI QUEEN,9,1004,734,726,734,726,6957297,6956293,62,60.000,996903,
Giggleschits,10,1154,734,725,734,725,21333380,21332226,15,13.650,3262458,
GIM Rivey,10,1154,319,310,319,310,2001183,2000029,38,36.250,167015,
Glyntari,10,1170,2325,2316,2691,2682,4279753615,4279752445,28,26.550,279752445,4910
Gnoc,10,1154,1013,1004,1013,1004,4486347,4485193,12,9.900,831836,1100
GoldCoins,10,1199,1895,1886,1896,1887,183998748,183997549,15,13.650,15763899,
Good Rep,10,1170,1559,1550,1564,1555,167261379,167260209,5,3.150,2076,
Gopher1111,13,2081,757,745,757,745,47010984,47008903,13,10.950,12989,
Grand sales,10,1176,369,360,369,360,4718436,4717260,14,12.150,4523220,
Green star,10,1183,1046,1037,1046,1037,48665022,48663839,15,13.650,13088498,
Grethel,10,1154,2093,2084,2199,2190,842987341,842986187,27,25.650,27156265,
Grimm 0ne,10,1154,284,275,284,275,1823114,1821960,10,8.650,283143,
Hacker,10,1154,975,966,975,966,38855271,38854117,35,33.650,113417,1780
Happy Craft,11,1468,2316,2306,2473,2463,1692501832,1692500364,28,26.150,400000315,7595
Hazeldear,10,1167,1640,1631,1651,1642,129235662,129234495,15,13.400,13328990,
hc beavisnow,10,1154,1084,1075,1105,1096,154544659,154543505,7,5.050,2858,
HC of Omo,10,1178,1603,1594,1603,1594,103755925,103754747,9,6.900,82841,3225
HCIM Ugh,10,1154,123,114,123,114,18997,17843,10,7.975,6043,
hfgw,10,1277,2810,2801,3260,3251,2830650805,2830649528,116,113.850,630350585,
hitting bars,10,1154,368,359,368,359,13866188,13865034,36,34.300,133230,
Holy Juan,10,1174,1597,1588,1597,1588,97375320,97374146,16,13.900,13061312,
Hopdid,10,1154,817,808,817,808,1216936,1215782,42,40.600,124450,955
Hotskiller,10,1154,987,978,987,978,56284678,56283524,15,13.400,13034506,
Hulksize,10,1154,2038,2029,2148,2139,848252295,848251141,16,14.050,14428599,
Hurry Potter,9,1039,180,172,180,172,755286,754247,38,36.900,197881,
I AM BTU,10,1218,2223,2214,2303,2294,721984206,721982988,71,69.550,17236696,4770
I have 9 HP,9,1000,2385,2377,2396,2388,267062496,267061496,115,113.850,108950730,
Im 10 HP,10,1348,2332,2323,2362,2353,315941892,315940544,114,112.350,74163570,
Im 9 Hp,9,1024,1926,1918,1938,1930,107887441,107886417,106,104.600,21659890,1840
Im A Herb,11,1514,2065,2055,2125,2115,583637389,583635875,15,13.400,13225652,2725
Im Defending,10,1159,1746,1737,1748,1739,207474257,207473098,27,25.650,13315587,1905
Im FedEx,10,1154,1454,1445,1454,1445,73948806,73947652,15,13.400,13268498,
IM Huntin,10,1195,1641,1632,1641,1632,98162169,98160974,9,7.400,110668,2125
Inexact,10,1305,2001,1992,2002,1993,231654350,231653045,19,17.000,15075050,
infernyfi,10,1172,2271,2262,2459,2450,1404940945,1404939773,25,23.650,19599825,5005
Ingot,9,1000,1821,1813,1872,1864,324440488,324439488,15,13.400,104654583,2400
Instantkarma,10,1154,2222,2213,2393,2384,1523248690,1523247536,15,13.400,200000000,6455
IronKi,10,1154,654,645,654,645,47312358,47311204,10,8.650,305709,505
IRtehBestEVA,10,1196,1170,1161,1185,1176,182614127,182612931,15,13.400,26090383,1515
Ism,9,1065,2199,2191,2246,2238,506947776,506946711,91,89.350,40321960,2680
iSum,10,1154,1843,1834,1869,1860,271201790,271200636,15,13.400,104594557,1175
IsUnbreakble,10,1224,1408,1399,1408,1399,103520628,103519404,14,12.400,5667296,1460
Its arceus,10,1154,697,688,763,754,458009328,458008174,15,13.400,200000000,540
Its Vegas,10,1207,1813,1804,1826,1817,215052144,215050937,15,13.650,14635373,2345
Ivan3,10,1154,1353,1344,1440,1431,779235631,779234477,15,13.400,13044124,
Izzy Skills,10,1154,1921,1912,1933,1924,295308698,295307544,15,13.400,27047799,2065
J U S TEN,10,1178,2194,2185,2269,2260,608593299,608592121,27,25.650,190105758,2300
j00700john,11,1569,54,44,54,44,4324,2755,13,10.900,2755,
Jennieleann,13,1841,669,657,669,657,1096058,1094217,8,5.650,25402,
JETPACKGRIMY,10,1166,719,710,724,715,32653740,32652574,15,13.400,22754634,
Jili,10,1154,1521,1512,1521,1512,88634420,88633266,15,13.400,13199084,
Joey is,9,1000,2786,2778,3016,3008,2204966009,2204965009,115,113.850,439149069,5500
Jollypockets,10,1155,1946,1937,1954,1945,257160929,257159774,15,13.400,14526142,
K I M Y,10,1167,1566,1557,1570,1561,98748617,98747450,6,3.900,5854,
Kalliope Umi,10,1154,406,397,429,420,131063696,131062542,67,65.400,107336580,650
King Nirvan,10,1247,1737,1728,1748,1739,175321601,175320354,18,16.550,14012401,1250
Knight of Um,11,1377,2231,2221,2416,2406,1431639814,1431638437,27,24.900,110868228,5325
Knitting,10,1300,1462,1453,1473,1464,69761245,69759945,32,30.650,40513774,1870
Kodysseus,10,1163,1693,1684,1698,1689,123638413,123637250,15,12.900,6687809,1855
koersfiets,10,1165,2102,2093,2222,2213,702812001,702810836,15,13.400,58828057,3100
Kokko,10,1154,114,105,114,105,48764,47610,7,5.400,21488,
l el,11,1451,1851,1841,1869,1859,301570783,301569332,16,14.050,18478209,
L0m,10,1201,1508,1499,1508,1499,104323562,104322361,16,14.050,13101185,
Ladyskill3r,10,1346,1748,1739,1760,1751,201753316,201751970,8,6.150,17627,2295
Lag Summoner,15,2423,2815,2801,3286,3272,5179148314,5179145891,117,113.850,1179145891,13990
LanaSushiRol,10,1155,1969,1960,2000,1991,342464216,342463061,13,11.650,3001541,2495
Latigo,10,1162,2087,2078,2103,2094,328776955,328775793,15,13.400,13055472,
Lava Miner,10,1232,798,789,798,789,8030863,8029631,34,32.350,1565616,
Lets Test,13,1964,1345,1333,1345,1333,19278644,19276680,66,63.700,1022251,1445
Lexinn,10,1212,1851,1842,1859,1850,244939999,244938787,16,14.050,13085033,
Lfg mine,9,1000,674,666,674,666,35789253,35788253,38,36.425,12066898,615
Lfg wc,9,1000,421,413,421,413,18214133,18213133,34,32.675,12224493,
Lil Heathen,9,1002,1599,1591,1599,1591,18258573,18257571,80,78.900,4558225,1280
Lil Suicune,10,1191,2311,2302,2467,2458,1305191022,1305189831,27,25.650,147333681,4260
Lindsay Luck,15,2413,2677,2663,2848,2834,1043042270,1043039857,112,108.650,74429976,
llash04,10,1154,200,191,200,191,353188,352034,15,13.500,4470,
Lol gigity,13,1847,1028,1016,1028,1016,49612835,49610988,10,7.900,158017,
Lomps,10,1177,1167,1158,1173,1164,107389861,107388684,14,12.400,5350670,
Lovers,10,1229,2149,2140,2202,2193,744138307,744137078,15,13.650,200000183,2780
Lucky Green,10,1168,787,778,805,796,128295197,128294029,15,13.400,16018373,
Ludo Bagman,9,1000,2047,2039,2048,2040,142328389,142327389,85,83.200,8116389,
lvl3 sum lol,10,1154,1356,1347,1366,1357,125059751,125058597,16,14.625,13429250,
M1LK BUCKET,9,1000,259,251,259,251,3915232,3914232,14,12.200,4111,
m1lk rs,11,1385,1162,1152,1162,1152,31326908,31325523,11,8.650,297876,
Mad Gaz,10,1188,1890,1881,1916,1907,307403345,307402157,15,13.650,13299366,1835
Maeven,10,1154,1783,1774,1785,1776,119825578,119824424,15,13.400,13102586,2910
magi me,10,1154,130,121,130,121,7590604,7589450,63,60.950,7589450,
Magic seed,10,1154,1652,1643,1682,1673,238657870,238656716,35,33.000,67599157,
Magic Show,10,1154,2490,2481,2673,2664,1673139602,1673138448,67,64.850,359328329,3130
Magus Skill,10,1169,747,738,747,738,22698083,22696914,17,15.400,916512,
Mah0mes,14,2362,1194,1181,1194,1181,68735928,68733566,7,4.225,1697,
MainInHiding,10,1343,1749,1740,1750,1741,161788047,161786704,15,13.725,13128224,
Marijke,10,1189,1313,1304,1314,1305,61965152,61963963,15,13.400,13146254,
Marilith,10,1167,1072,1063,1072,1063,19610300,19609133,12,10.150,914046,
MarIowe,12,1799,2330,2319,2634,2623,2182704540,2182702741,34,32.050,209754048,6930
Mathemagicks,9,1000,2910,2902,2952,2944,981097588,981096588,124,122.300,162146229,24805
Maybe 9HP,9,1000,1460,1452,1460,1452,36920453,36919453,77,75.500,24177617,1020
MayorRice,10,1210,1920,1911,1935,1926,215646673,215645463,50,47.900,27365409,2145
Meilleur Ami,10,1197,2288,2279,2362,2353,1064308767,1064307570,27,25.650,28975790,5065
Micah Muerte,10,1154,2061,2052,2172,2163,815851413,815850259,19,16.750,7975,3130
Micahx_x,10,1154,1193,1184,1193,1184,23542861,23541707,12,10.400,1204495,970
Michal w,10,1154,1786,1777,1789,1780,209210979,209209825,15,13.150,9723695,
Mighty Gainz,10,1154,1717,1708,1720,1711,108300784,108299630,10,8.150,218801,
Mihawk,10,1356,2929,2920,3400,3391,5600001356,5600000000,129,127.500,1600000000,11035
Mikey 9HP,9,1101,454,446,454,446,19489580,19488479,8,6.450,9896,
mini Auri-El,10,1155,1702,1693,1702,1693,18330221,18329066,69,67.150,1665360,2935
Mini Gothit,10,1260,2139,2130,2161,2152,493573670,493572410,15,13.400,13039150,4195
Mini O Jelly,10,1176,2481,2472,2522,2513,364413102,364411926,112,110.600,57753437,4485
Mme Monnaie,10,1154,1920,1911,1920,1911,246124402,246123248,15,13.400,13059785,1375
MMYY,10,1182,1372,1363,1372,1363,85370397,85369215,40,37.900,26310771,925
Moiist,10,1171,1358,1349,1358,1349,50411280,50410109,15,13.400,13089614,
Moist Napkin,10,1327,1479,1470,1481,1472,108074547,108073220,43,40.800,350622,
Mookymooky,11,1467,675,665,675,665,28481432,28479965,10,8.300,135319,
MoreOfMe,12,1689,1990,1979,2035,2024,460006590,460004901,20,17.550,13206113,2615
MORTALL KOMB,10,1296,1122,1113,1122,1113,26740295,26738999,15,12.750,1014531,890
Mozbi,10,1163,2260,2251,2271,2262,615336666,615335503,27,25.650,26346022,1700
Mr Nibo x,10,1354,1568,1559,1569,1560,106153575,106152221,19,16.750,765608,
Ms Botkiller,10,1154,2138,2129,2260,2251,1319747833,1319746679,5,2.900,2912,6860
Mtxd,10,1154,1514,1505,1514,1505,37398842,37397688,62,60.100,6170586,1440
Museum,11,1485,1768,1758,1790,1780,246794436,246792951,17,14.950,13264049,1675
Musicly,13,2007,860,848,860,848,40427955,40425948,16,13.400,13043087,
My Own Prism,10,1167,1062,1053,1065,1056,30620018,30618851,53,51.500,510820,755
Myiah,9,1138,2647,2639,2648,2640,317866853,317865715,115,113.850,86568068,2660
Naiked,10,1154,1823,1814,1864,1855,447063502,447062348,35,33.000,67896667,1690
Necr0tic,10,1202,2281,2272,2287,2278,174318393,174317191,80,78.450,26654729,5005
Necroymancer,10,1154,2211,2202,2263,2254,558455653,558454499,71,69.400,166529000,3255
Needmorecoal,10,1154,1092,1083,1092,1083,6533181,6532027,8,5.900,36224,
Nephograph,10,1178,2239,2230,2239,2230,141492156,141490978,95,93.250,22827961,2270
Ni HP,9,1015,2142,2134,2226,2218,758682241,758681226,27,25.900,136609982,2255
Nice Combat,10,1154,1937,1928,1942,1933,298961253,298960099,15,13.400,13837604,1785
Nirane Lane,10,1321,2487,2478,2487,2478,281843544,281842223,70,67.750,8238573,12120
No Charm,10,1154,2128,2119,2205,2196,571022606,571021452,15,13.400,91251159,5710
No Charms,10,1154,1287,1278,1293,1284,55813826,55812672,15,13.400,25602231,920
Nolife Nancy,10,1166,2158,2149,2221,2212,844142426,844141260,27,25.650,104448050,1660
Not Too Far,11,1391,2533,2523,2581,2571,481906752,481905361,116,113.850,87186944,4315
Notsurealt,10,1154,1191,1182,1191,1182,20715130,20713976,12,9.900,820859,820
Noxious 10HP,10,1154,360,351,360,351,2431400,2430246,61,59.500,2232464,
Nppb,10,1223,1477,1468,1483,1474,98339957,98338734,14,12.725,5999490,1910
Nuageux,10,1166,849,840,849,840,6920779,6919613,12,10.400,1266614,
Nubletz,10,1256,1494,1485,1494,1485,94407403,94406147,16,14.300,13093603,
Nymyraa,10,1158,244,235,262,253,85204831,85203673,67,64.850,84452378,
of 10HP,10,1154,1405,1396,1405,1396,17848812,17847658,68,65.750,3978678,
of 9HP,9,1000,731,723,731,723,14256667,14255667,68,66.900,13777665,
Of Prayer,10,1154,80,71,80,71,40497,39343,8,6.150,39018,
Oftentimes,10,1154,920,911,942,933,161628186,161627032,15,13.400,13617803,615
Oh Ik Weer,10,1154,2050,2041,2133,2124,596697114,596695960,8,6.400,6189,4260
Omeni 10,10,1154,464,455,464,455,5201049,5199895,23,20.750,27224,
Omeni II,9,1032,1232,1224,1232,1224,26051782,26050750,69,67.750,2858062,990
Omfgholycrap,11,1455,1112,1102,1121,1111,56673646,56672191,15,12.550,2720763,765
Ongelukkig,10,1313,1234,1225,1234,1225,43832618,43831305,16,14.700,13043732,920
Only9HP,9,1000,1681,1673,1681,1673,47500352,47499352,76,74.350,3911206,
Oops 99 Pray,10,1154,1443,1434,1446,1437,106147661,106146507,13,11.150,2121725,
Option Lost,15,2495,187,173,187,173,2481126,2478631,17,13.500,4498,
Opuru,10,1154,580,571,580,571,645110,643956,15,13.200,7674,635
OS MVTTRESS,10,1154,141,132,141,132,12469740,12468586,15,13.400,12467928,
oxi skiller,10,1154,428,419,428,419,2147485,2146331,43,41.450,378212,
Paladin lX,10,1154,752,743,752,743,8457944,8456790,13,11.400,2752437,595
Paper duck,10,1155,2165,2156,2290,2281,1002738055,1002736900,15,13.400,104981504,4460
Peaceful Ali,10,1154,976,967,976,967,42927353,42926199,15,13.400,13034880,
Pernicis,10,1337,2115,2106,2155,2146,584582577,584581240,15,13.400,43690419,5810
Pernicis V,10,1159,1560,1551,1577,1568,118907687,118906528,15,13.400,77126915,
Pernicis v1,10,1230,2237,2228,2314,2305,647955498,647954268,27,25.650,119568218,6330
Pernicis v2,10,1154,1005,996,1005,996,24283995,24282841,15,12.900,8851450,895
pet,10,1185,2915,2906,3319,3310,4338567198,4338566013,120,118.400,587236434,8685
Pigwidgeon,10,1154,306,297,306,297,165429,164275,14,12.150,30599,
Pillowcase,10,1154,1799,1790,1874,1865,469368694,469367540,15,13.400,26850257,
Pinkki hattu,10,1164,1739,1730,1766,1757,244614058,244612894,15,13.400,20677997,3045
Pixel bones,10,1183,1622,1613,1623,1614,108826314,108825131,17,15.050,14435665,1460
Plattypuss,10,1229,1538,1529,1538,1529,111454572,111453343,10,8.150,209159,
Pocket Cucco,10,1178,2835,2826,2965,2956,1379240923,1379239745,116,113.850,302298048,10615
Poignant,10,1210,1603,1594,1603,1594,41330964,41329754,50,48.300,238779,1710
Poky,10,1351,1893,1884,1894,1885,149595448,149594097,27,25.025,17204411,2395
Postal,10,1232,1424,1415,1424,1415,62877330,62876098,11,9.300,289647,
Pouch Maker,10,1193,1587,1578,1602,1593,126101040,126099847,15,13.400,15461638,2285
Powerhouse,10,1200,2929,2920,3400,3391,5600001200,5600000000,129,127.500,1600000000,12405
Pray 4cash,10,1154,315,306,315,306,13354863,13353709,15,13.400,13294111,
Pray Destiny,10,1221,1777,1768,1793,1784,231605339,231604118,15,13.400,14342374,
Pray Early,10,1154,1876,1867,1878,1869,116718674,116717520,61,59.100,15644153,1810
Pray HD,10,1169,1856,1847,1856,1847,135803617,135802448,15,13.400,13210654,1800
Prayer queen,10,1168,500,491,500,491,14177707,14176539,15,13.400,13263164,
Prayer Smexy,10,1213,571,562,571,562,15825553,15824340,15,13.725,13035511,
Pro novato,10,1171,1905,1896,1922,1913,232153516,232152345,19,17.550,74932852,2385
PuraGradus,10,1154,667,658,667,658,957227,956073,13,11.650,54894,
Pure Str Is,10,1166,1061,1052,1064,1055,41286509,41285343,30,28.125,2952596,
Purranoid,10,1154,2489,2480,2503,2494,390938721,390937567,108,105.850,31147712,2940
PvPs,10,1284,1420,1411,1420,1411,112366195,112364911,16,14.700,13091652,1220
Pway,10,1161,2035,2026,2061,2052,364323318,364322157,15,13.400,17046789,2345
R o y,10,1154,2211,2202,2523,2514,2999379337,2999378183,15,13.400,170146689,6420
R3v Mag3r,11,1374,870,860,870,860,17017381,17016007,82,79.850,15220314,940
Rangedston,10,1154,1263,1254,1263,1254,30224396,30223242,67,64.850,13066170,
RareSkillerJ,10,1157,1549,1540,1549,1540,96179420,96178263,15,13.400,13048959,
Relic RS,10,1154,2151,2142,2242,2233,886097083,886095929,15,13.400,13161024,
Remain 10HP,10,1286,2773,2764,2924,2915,1177261603,1177260317,116,114.500,291072104,3185
ResQ,11,1403,2451,2441,2548,2538,845890845,845889442,91,89.350,150088229,
Reverand,10,1308,1858,1849,1861,1852,159402051,159400743,15,13.400,13382261,1905
Ribbut,10,1197,2240,2231,2240,2231,146491992,146490795,94,92.500,11615150,
Riptale,10,1154,932,923,932,923,2334585,2333431,11,9.150,445699,
Ritual Money,10,1154,1065,1056,1065,1056,7849160,7848006,28,25.850,34253,920
Rocktail Xp,10,1162,1584,1575,1609,1600,359081654,359080492,5,3.650,4631,
Rs Jayden,10,1214,1659,1650,1667,1658,157792805,157791591,11,9.550,316073,
RShoo,10,1171,2528,2519,2587,2578,708552981,708551810,89,87.600,150998013,2730
Runningamuck,10,1266,1119,1110,1122,1113,44931789,44930523,96,94.100,19665722,
Rusty Romeo,9,1054,2234,2226,2245,2237,139605964,139604910,94,92.400,10936923,8410
S0C,10,1154,2749,2740,2865,2856,1093290738,1093289584,116,113.850,214585825,2705
SaintKitts,9,1000,317,309,317,309,12245957,12244957,21,19.025,185782,
Samus,10,1154,2000,1991,2042,2033,499868953,499867799,25,23.400,5554109,2885
Sandvich4lyf,10,1154,675,666,675,666,1499173,1498019,6,3.900,5519,
sat8n,10,1154,1336,1327,1336,1327,28862446,28861292,24,22.650,9268831,925
ScoobyLvl15,10,1154,1035,1026,1038,1029,26484811,26483657,15,13.400,18309279,
Sei the Lion,10,1154,449,440,449,440,13430902,13429748,35,33.000,13051486,
Shanegood1,10,1154,1433,1424,1437,1428,115946958,115945804,15,13.400,13056892,
Shut up mum,10,1162,1320,1311,1320,1311,61312098,61310936,5,3.650,4821,
ShyPiglet,10,1154,1699,1690,1701,1692,97174300,97173146,16,14.700,15192505,1905
SimplyWiggle,10,1191,2222,2213,2263,2254,553927910,553926719,27,25.650,117787086,
Sir Komsyze,9,1089,2814,2806,3017,3009,1594495438,1594494349,115,113.850,547578150,4910
Sir Wall Ace,10,1172,2171,2162,2230,2221,802795444,802794272,25,23.400,5355561,5795
Siraxta,10,1205,2331,2322,2334,2325,203620922,203619717,103,101.300,17453496,
Skaydee,10,1301,2141,2132,2465,2456,2316073552,2316072251,5,3.400,2877,7475
SkillBandit,10,1154,2210,2201,2427,2418,1581301338,1581300184,15,13.400,104278441,4650
Skillegy,10,1154,1421,1412,1422,1413,72984420,72983266,12,9.900,818399,
Skiller Thor,15,2546,699,685,699,685,11703403,11700857,8,4.900,5812,
Skkyyy,10,1206,1603,1594,1628,1619,163466968,163465762,14,12.400,5352571,
SNHU,10,1154,1223,1214,1228,1219,29914222,29913068,27,25.650,21936256,1115
So Close,14,2263,2776,2763,2915,2902,1431129463,1431127200,117,113.850,104064148,4765
Soakies,10,1154,1931,1922,2096,2087,1185716935,1185715781,15,13.400,104694429,1350
Soda Nation,12,1632,411,400,411,400,14486365,14484733,12,9.800,78288,
Sonnemutter,10,1154,803,794,803,794,2519864,2518710,9,7.400,122155,
Spaceling,10,1314,2106,2097,2194,2185,679890505,679889191,27,25.650,104650930,3765
Speciality,10,1357,2735,2726,2768,2759,692344710,692343353,116,113.850,104425854,
Speedruns,10,1154,2929,2920,3400,3391,5600001154,5600000000,129,127.500,1600000000,21685
Spirit Osaat,10,1158,686,677,689,680,75586922,75585764,82,79.750,47105510,535
SplintSkillz,10,1154,793,784,793,784,10058280,10057126,13,11.400,1266084,
spmaL,10,1266,1526,1517,1526,1517,22224699,22223433,46,44.600,372255,2000
Srry Android,10,1166,1108,1099,1109,1100,30301042,30299876,21,19.150,1069805,990
St Barts,11,1506,431,421,431,421,13630878,13629372,12,9.850,13504,
st luxe,10,1154,2146,2137,2234,2225,750967975,750966821,93,90.750,251996458,3985
Stamine,10,1157,1261,1252,1261,1252,17670067,17668910,13,11.650,3117602,
Starfye,9,1000,442,434,442,434,2931770,2930770,11,9.900,861602,620
Stikklebrix,9,1012,1199,1191,1199,1191,30023426,30022414,11,9.400,590727,
stinkiness,10,1154,870,861,870,861,2892256,2891102,24,22.000,31491,
stuttering,10,1320,1754,1745,1763,1754,216417262,216415942,18,16.500,13096322,
Summ Skiller,10,1250,1337,1328,1337,1328,45408009,45406759,15,12.900,8279217,
SummonBot,11,1481,354,344,354,344,1298532,1297051,12,9.600,129899,
SummonerKutz,10,1163,1905,1896,1914,1905,188391735,188390572,15,13.400,18558979,2920
Summoning XP,10,1154,1362,1353,1362,1353,25288899,25287745,13,11.400,2434732,
Summy,10,1154,1462,1453,1464,1455,56357128,56355974,12,10.400,1149663,2080
Super Cass,10,1238,2168,2159,2290,2281,1228142438,1228141200,27,25.650,200000006,4335
Talia,10,1210,2141,2132,2252,2243,996002028,996000818,15,13.400,107011014,2490
Tawl,10,1154,295,286,295,286,2595167,2594013,20,18.250,15000,
Testy Romeo,10,1154,1991,1982,1991,1982,246051357,246050203,19,16.900,26995,
Testy Romeo2,9,1000,1566,1558,1566,1558,42500204,42499204,43,41.500,361791,
The Air Vent,10,1211,696,687,701,692,54202487,54201276,67,64.850,22748495,610
The Gainz,10,1154,1962,1953,2082,2073,1165391744,1165390590,15,13.400,104273282,3505
the rotty,10,1154,2112,2103,2178,2169,632008238,632007084,15,13.400,104274539,3805
The_Eurydice,10,1154,1330,1321,1331,1322,46615524,46614370,7,5.400,24069,1175
Thicc QP,14,2323,153,140,153,140,28997,26674,14,11.150,4527,
Thrae,10,1171,777,768,777,768,839763,838592,8,6.400,52749,925
Thy Valkyrie,14,2293,1636,1623,1640,1627,185512800,185510507,10,7.150,87901,
Tiny Sidisi,10,1173,2163,2154,2264,2255,847954112,847952939,15,13.400,105883670,4710
Tohsaka,10,1154,1434,1425,1448,1439,104054362,104053208,15,13.400,53060291,1345
Tokkul Shell,11,1507,1630,1620,1630,1620,44399514,44398007,101,98.900,17683410,1970
Tools Help,10,1356,971,962,971,962,14784326,14782970,65,63.200,3158420,740
TooOldForRs3,10,1154,952,943,952,943,24289410,24288256,6,4.400,8841,
Tosei-Gusoku,10,1228,1161,1152,1161,1152,24064382,24063154,21,19.650,398504,1425
Toyoil,10,1222,2733,2724,2825,2816,973167975,973166753,116,113.850,94958371,
Trap Phone,10,1168,1158,1149,1158,1149,43435517,43434349,8,6.400,50395,
True Skills,10,1154,512,503,512,503,17119275,17118121,15,13.400,13034450,
Tuikie,14,2213,942,929,942,929,7590334,7588121,7,4.400,10200,
Tussum,10,1154,388,379,388,379,16955922,16954768,10,8.150,195007,
Tverking,10,1154,1515,1506,1569,1560,675136328,675135174,67,64.850,181664766,
TWW is Easy,10,1163,66,57,66,57,6750,5587,15,13.500,4473,
tylerpot,10,1242,301,292,301,292,13217668,13216426,33,31.150,60081,
UIMnoob3,10,1268,1071,1062,1071,1062,16507758,16506490,60,58.450,5032369,1015
Undevoted,10,1184,2237,2228,2261,2252,369028677,369027493,56,54.250,26848265,4250
UnhealthyDan,12,1604,992,981,992,981,4884640,4883036,76,73.900,2039523,
urekiaM,10,1154,2629,2620,2768,2759,1162171204,1162170050,116,113.850,91752513,
USEDTOBELAW,9,1137,1726,1718,1726,1718,23360502,23359365,63,61.350,1928991,2250
UwU n OwO,9,1000,2835,2827,3102,3094,2317367826,2317366826,115,113.850,468079103,5080
V a,10,1278,2292,2283,2312,2303,291893675,291892397,116,113.850,121066682,2670
Vedeeri,10,1231,1311,1302,1322,1313,100630385,100629154,52,50.150,1377264,1420
Vellox,10,1255,2141,2132,2355,2346,2133498730,2133497475,5,3.400,3755,3895
ViolentVeal,14,2366,1112,1099,1112,1099,15072201,15069835,68,65.450,2973875,895
Voma,10,1156,1444,1435,1457,1448,72308710,72307554,10,8.150,219457,
w 304,10,1154,677,668,677,668,11460105,11458951,31,29.425,4491537,
w100 V2,10,1154,1900,1891,1946,1937,320795458,320794304,35,33.400,7679604,2735
Wahei,9,1000,2058,2050,2058,2050,74879959,74878959,95,93.250,25446958,2050
Wander 10hp,10,1166,1332,1323,1332,1323,7907602,7906436,49,47.400,476272,
Waterlilies,10,1154,2293,2284,2409,2400,1139588634,1139587480,28,26.650,56881501,6490
Way Too Far,10,1300,2750,2741,2841,2832,1208547021,1208545721,116,113.850,92699961,6690
Wc urn,10,1157,683,674,683,674,8647169,8646012,6,3.900,5945,
Who,9,1140,2918,2910,3214,3206,3103441802,3103440662,123,121.000,1100275494,8740
WIFL,10,1251,186,177,186,177,496774,495523,12,10.400,470272,
Wise Old Man,11,1410,2121,2111,2125,2115,162874113,162872703,105,103.200,26842046,
Wise Old So,10,1154,430,421,448,439,86599808,86598654,27,25.650,18613406,
wise old to,10,1154,136,127,146,137,37213262,37212108,35,33.000,37212108,
Wisped,10,1185,1791,1782,1812,1803,181756030,181754845,42,40.650,422987,1460
WizzyHarry69,9,1000,1842,1834,1842,1834,47938048,47937048,88,86.250,15254622,3705
Wood Shop,10,1182,2188,2179,2331,2322,1125438347,1125437165,15,13.400,21750053,4420
word almond,10,1243,2394,2385,2407,2398,338803481,338802238,89,87.000,19657992,4970
Wux,10,1163,1358,1349,1358,1349,91998945,91997782,10,8.650,276554,
WV6,13,2083,245,233,245,233,76094,74011,14,11.150,3333,
Xematic,10,1154,314,305,314,305,6239158,6238004,6,3.900,5976,
xNaiked,9,1007,2324,2316,2398,2390,741412932,741411925,66,64.850,144736618,4040
xP I R A T E,10,1170,946,937,946,937,28663010,28661840,12,10.100,14496,830
Y ur i,9,1008,1497,1489,1510,1502,118288210,118287202,15,13.400,19371536,
Yangus 117,10,1154,1468,1459,1473,1464,118156778,118155624,13,10.900,1754446,1275
Yew frame,9,1000,1098,1090,1098,1090,10801586,10800586,58,56.350,2696819,875
Yigs,10,1154,430,421,451,442,148449535,148448381,91,89.350,148448379,
Yogi   Bear,9,1150,2874,2866,3134,3126,1661430749,1661429599,115,113.850,468448944,6105
Youngster DK,11,1436,2018,2008,2070,2060,560296328,560294892,67,65.100,31871906,1795
yum yum 420,10,1164,1661,1652,1663,1654,99287417,99286253,15,13.400,15769922,
YummySkiller,10,1177,973,964,973,964,25163250,25162073,6,4.725,5823,
Z w a y,10,1154,2044,2035,2044,2035,95545692,95544538,94,92.600,18342544,3275
Zaethonis,10,1169,626,617,626,617,2493263,2492094,54,51.850,1804838,
Zalesto,10,1155,2320,2311,2686,2677,4400001178,4400000023,27,25.650,400000023,5825
Zesxa,10,1154,552,543,552,543,14111575,14110421,6,4.150,7939,
Zeus Cannons,10,1155,1184,1175,1184,1175,28081201,28080046,8,6.400,50747,1015
Zewts,10,1173,837,828,837,828,28713251,28712078,15,13.400,13043139,
Zotty,10,1154,1392,1383,1414,1405,154132579,154131425,15,13.400,111111111,
Zutl,10,1159,1465,1456,1465,1456,101244587,101243428,12,9.900,741666,
